datetime,zone,hour,day_of_week,carbon_lag_1,carbon_lag_2,carbon_lag_3,carbon_intensity,target_carbon
2026-08-07 00:00:00+00:00,DE,0,4,342.0,340.0,336.0,353,364.0
2026-08-07 01:00:00+00:00,DE,1,4,353.0,342.0,340.0,364,367.0
2026-08-07 02:00:00+00:00,DE,2,4,364.0,353.0,342.0,367,364.0
2026-08-07 03:00:00+00:00,DE,3,4,367.0,364.0,353.0,364,348.0
2026-08-07 04:00:00+00:00,DE,4,4,364.0,367.0,364.0,348,329.0
2026-08-07 05:00:00+00:00,DE,5,4,348.0,364.0,367.0,329,291.0
2026-08-07 06:00:00+00:00,DE,6,4,329.0,348.0,364.0,291,241.0
2026-08-07 07:00:00+00:00,DE,7,4,291.0,329.0,348.0,241,172.0
2026-08-07 08:00:00+00:00,DE,8,4,241.0,291.0,329.0,172,151.0
2026-08-07 09:00:00+00:00,DE,9,4,172.0,241.0,291.0,151,142.0
2026-08-07 10:00:00+00:00,DE,10,4,151.0,172.0,241.0,142,142.0
2026-08-07 11:00:00+00:00,DE,11,4,142.0,151.0,172.0,142,143.0
2026-08-07 12:00:00+00:00,DE,12,4,142.0,142.0,151.0,143,159.0
2026-08-07 13:00:00+00:00,DE,13,4,143.0,142.0,142.0,159,187.0
2026-08-07 14:00:00+00:00,DE,14,4,159.0,143.0,142.0,187,254.0
2026-08-07 15:00:00+00:00,DE,15,4,187.0,159.0,143.0,254,316.0
2026-08-07 16:00:00+00:00,DE,16,4,254.0,187.0,159.0,316,382.0
2026-08-07 17:00:00+00:00,DE,17,4,316.0,254.0,187.0,382,424.0
2026-08-07 18:00:00+00:00,DE,18,4,382.0,316.0,254.0,424,450.0
2026-08-07 19:00:00+00:00,DE,19,4,424.0,382.0,316.0,450,460.0
2026-08-07 20:00:00+00:00,DE,20,4,450.0,424.0,382.0,460,474.0
2026-08-07 21:00:00+00:00,DE,21,4,460.0,450.0,424.0,474,486.0
2026-08-07 22:00:00+00:00,DE,22,4,474.0,460.0,450.0,486,503.0
2026-08-07 23:00:00+00:00,DE,23,4,486.0,474.0,460.0,503,505.0
2026-08-08 00:00:00+00:00,DE,0,5,503.0,486.0,474.0,505,504.0
2026-08-08 01:00:00+00:00,DE,1,5,505.0,503.0,486.0,504,510.0
2026-08-08 02:00:00+00:00,DE,2,5,504.0,505.0,503.0,510,509.0
2026-08-08 03:00:00+00:00,DE,3,5,510.0,504.0,505.0,509,474.0
2026-08-08 04:00:00+00:00,DE,4,5,509.0,510.0,504.0,474,401.0
2026-08-08 05:00:00+00:00,DE,5,5,474.0,509.0,510.0,401,297.0
2026-08-08 06:00:00+00:00,DE,6,5,401.0,474.0,509.0,297,183.0
2026-08-08 07:00:00+00:00,DE,7,5,297.0,401.0,474.0,183,142.0
2026-08-08 08:00:00+00:00,DE,8,5,183.0,297.0,401.0,142,136.0
2026-08-08 09:00:00+00:00,DE,9,5,142.0,183.0,297.0,136,133.0
2026-08-08 10:00:00+00:00,DE,10,5,136.0,142.0,183.0,133,132.0
2026-08-08 11:00:00+00:00,DE,11,5,133.0,136.0,142.0,132,136.0
2026-08-08 12:00:00+00:00,DE,12,5,132.0,133.0,136.0,136,143.0
2026-08-08 13:00:00+00:00,DE,13,5,136.0,132.0,133.0,143,159.0
2026-08-08 14:00:00+00:00,DE,14,5,143.0,136.0,132.0,159,208.0
2026-08-08 15:00:00+00:00,DE,15,5,159.0,143.0,136.0,208,321.0
2026-08-08 16:00:00+00:00,DE,16,5,208.0,159.0,143.0,321,396.0
2026-08-08 17:00:00+00:00,DE,17,5,321.0,208.0,159.0,396,425.0
2026-08-08 18:00:00+00:00,DE,18,5,396.0,321.0,208.0,425,428.0
2026-08-08 19:00:00+00:00,DE,19,5,425.0,396.0,321.0,428,413.0
2026-08-08 20:00:00+00:00,DE,20,5,428.0,425.0,396.0,413,394.0
2026-08-08 21:00:00+00:00,DE,21,5,413.0,428.0,425.0,394,379.0
2026-08-08 22:00:00+00:00,DE,22,5,394.0,413.0,428.0,379,372.0
2026-08-08 23:00:00+00:00,DE,23,5,379.0,394.0,413.0,372,372.0
2026-08-09 00:00:00+00:00,DE,0,6,372.0,379.0,394.0,372,378.0
2026-08-09 01:00:00+00:00,DE,1,6,372.0,372.0,379.0,378,384.0
2026-08-09 02:00:00+00:00,DE,2,6,378.0,372.0,372.0,384,382.0
2026-08-09 03:00:00+00:00,DE,3,6,384.0,378.0,372.0,382,364.0
2026-08-09 04:00:00+00:00,DE,4,6,382.0,384.0,378.0,364,320.0
2026-08-09 05:00:00+00:00,DE,5,6,364.0,382.0,384.0,320,247.0
2026-08-09 06:00:00+00:00,DE,6,6,320.0,364.0,382.0,247,170.0
2026-08-09 07:00:00+00:00,DE,7,6,247.0,320.0,364.0,170,142.0
2026-08-09 08:00:00+00:00,DE,8,6,170.0,247.0,320.0,142,133.0
2026-08-09 09:00:00+00:00,DE,9,6,142.0,170.0,247.0,133,129.0
2026-08-09 10:00:00+00:00,DE,10,6,133.0,142.0,170.0,129,128.0
2026-08-09 11:00:00+00:00,DE,11,6,129.0,133.0,142.0,128,129.0
2026-08-09 12:00:00+00:00,DE,12,6,128.0,129.0,133.0,129,134.0
2026-08-09 13:00:00+00:00,DE,13,6,129.0,128.0,129.0,134,153.0
2026-08-09 14:00:00+00:00,DE,14,6,134.0,129.0,128.0,153,224.0
2026-08-09 15:00:00+00:00,DE,15,6,153.0,134.0,129.0,224,317.0
2026-08-09 16:00:00+00:00,DE,16,6,224.0,153.0,134.0,317,394.0
2026-08-09 17:00:00+00:00,DE,17,6,317.0,224.0,153.0,394,434.0
2026-08-09 18:00:00+00:00,DE,18,6,394.0,317.0,224.0,434,452.0
2026-08-09 19:00:00+00:00,DE,19,6,434.0,394.0,317.0,452,453.0
2026-08-09 20:00:00+00:00,DE,20,6,452.0,434.0,394.0,453,473.0
2026-08-09 21:00:00+00:00,DE,21,6,453.0,452.0,434.0,473,476.0
2026-08-09 22:00:00+00:00,DE,22,6,473.0,453.0,452.0,476,486.0
2026-08-09 23:00:00+00:00,DE,23,6,476.0,473.0,453.0,486,505.0
2026-08-10 00:00:00+00:00,DE,0,0,486.0,476.0,473.0,505,491.0
2026-08-10 01:00:00+00:00,DE,1,0,505.0,486.0,476.0,491,489.0
2026-08-10 02:00:00+00:00,DE,2,0,491.0,505.0,486.0,489,469.0
2026-08-10 03:00:00+00:00,DE,3,0,489.0,491.0,505.0,469,415.0
2026-08-10 04:00:00+00:00,DE,4,0,469.0,489.0,491.0,415,363.0
2026-08-10 05:00:00+00:00,DE,5,0,415.0,469.0,489.0,363,302.0
2026-08-10 06:00:00+00:00,DE,6,0,363.0,415.0,469.0,302,242.0
2026-08-10 07:00:00+00:00,DE,7,0,302.0,363.0,415.0,242,181.0
2026-08-10 08:00:00+00:00,DE,8,0,242.0,302.0,363.0,181,135.0
2026-08-10 09:00:00+00:00,DE,9,0,181.0,242.0,302.0,135,116.0
2026-08-10 10:00:00+00:00,DE,10,0,135.0,181.0,242.0,116,116.0
2026-08-10 11:00:00+00:00,DE,11,0,116.0,135.0,181.0,116,118.0
2026-08-10 12:00:00+00:00,DE,12,0,116.0,116.0,135.0,118,119.0
2026-08-10 13:00:00+00:00,DE,13,0,118.0,116.0,116.0,119,134.0
2026-08-10 14:00:00+00:00,DE,14,0,119.0,118.0,116.0,134,174.0
2026-08-10 15:00:00+00:00,DE,15,0,134.0,119.0,118.0,174,230.0
2026-08-10 16:00:00+00:00,DE,16,0,174.0,134.0,119.0,230,295.0
2026-08-10 17:00:00+00:00,DE,17,0,230.0,174.0,134.0,295,337.0
2026-08-10 18:00:00+00:00,DE,18,0,295.0,230.0,174.0,337,357.0
2026-08-10 19:00:00+00:00,DE,19,0,337.0,295.0,230.0,357,347.0
2026-08-10 20:00:00+00:00,DE,20,0,357.0,337.0,295.0,347,351.0
2026-08-10 21:00:00+00:00,DE,21,0,347.0,357.0,337.0,351,354.0
2026-08-10 22:00:00+00:00,DE,22,0,351.0,347.0,357.0,354,364.0
2026-08-10 23:00:00+00:00,DE,23,0,354.0,351.0,347.0,364,369.0
2026-08-11 00:00:00+00:00,DE,0,1,364.0,354.0,351.0,369,369.0
2026-08-11 01:00:00+00:00,DE,1,1,369.0,364.0,354.0,369,373.0
2026-08-11 02:00:00+00:00,DE,2,1,369.0,369.0,364.0,373,378.0
2026-08-11 03:00:00+00:00,DE,3,1,373.0,369.0,369.0,378,360.0
2026-08-11 04:00:00+00:00,DE,4,1,378.0,373.0,369.0,360,318.0
2026-08-11 05:00:00+00:00,DE,5,1,360.0,378.0,373.0,318,259.0
2026-08-11 06:00:00+00:00,DE,6,1,318.0,360.0,378.0,259,194.0
2026-08-11 07:00:00+00:00,DE,7,1,259.0,318.0,360.0,194,144.0
2026-08-11 08:00:00+00:00,DE,8,1,194.0,259.0,318.0,144,137.0
2026-08-11 09:00:00+00:00,DE,9,1,144.0,194.0,259.0,137,134.0
2026-08-11 10:00:00+00:00,DE,10,1,137.0,144.0,194.0,134,140.0
2026-08-11 11:00:00+00:00,DE,11,1,134.0,137.0,144.0,140,143.0
2026-08-11 12:00:00+00:00,DE,12,1,140.0,134.0,137.0,143,141.0
2026-08-11 13:00:00+00:00,DE,13,1,143.0,140.0,134.0,141,165.0
2026-08-11 14:00:00+00:00,DE,14,1,141.0,143.0,140.0,165,241.0
2026-08-11 15:00:00+00:00,DE,15,1,165.0,141.0,143.0,241,325.0
2026-08-11 16:00:00+00:00,DE,16,1,241.0,165.0,141.0,325,387.0
2026-08-11 17:00:00+00:00,DE,17,1,325.0,241.0,165.0,387,425.0
2026-08-11 18:00:00+00:00,DE,18,1,387.0,325.0,241.0,425,434.0
2026-08-11 19:00:00+00:00,DE,19,1,425.0,387.0,325.0,434,438.0
2026-08-11 20:00:00+00:00,DE,20,1,434.0,425.0,387.0,438,450.0
2026-08-11 21:00:00+00:00,DE,21,1,438.0,434.0,425.0,450,466.0
2026-08-11 22:00:00+00:00,DE,22,1,450.0,438.0,434.0,466,482.0
2026-08-11 23:00:00+00:00,DE,23,1,466.0,450.0,438.0,482,492.0
2026-08-12 00:00:00+00:00,DE,0,2,482.0,466.0,450.0,492,496.0
2026-08-12 01:00:00+00:00,DE,1,2,492.0,482.0,466.0,496,499.0
2026-08-12 02:00:00+00:00,DE,2,2,496.0,492.0,482.0,499,493.0
2026-08-12 03:00:00+00:00,DE,3,2,499.0,496.0,492.0,493,456.0
2026-08-12 04:00:00+00:00,DE,4,2,493.0,499.0,496.0,456,409.0
2026-08-12 05:00:00+00:00,DE,5,2,456.0,493.0,499.0,409,358.0
2026-08-12 06:00:00+00:00,DE,6,2,409.0,456.0,493.0,358,289.0
2026-08-12 07:00:00+00:00,DE,7,2,358.0,409.0,456.0,289,210.0
2026-08-12 08:00:00+00:00,DE,8,2,289.0,358.0,409.0,210,157.0
2026-08-12 09:00:00+00:00,DE,9,2,210.0,289.0,358.0,157,148.0
2026-08-12 10:00:00+00:00,DE,10,2,157.0,210.0,289.0,148,150.0
2026-08-12 11:00:00+00:00,DE,11,2,148.0,157.0,210.0,150,153.0
2026-08-12 12:00:00+00:00,DE,12,2,150.0,148.0,157.0,153,163.0
2026-08-12 13:00:00+00:00,DE,13,2,153.0,150.0,148.0,163,226.0
2026-08-12 14:00:00+00:00,DE,14,2,163.0,153.0,150.0,226,321.0
2026-08-12 15:00:00+00:00,DE,15,2,226.0,163.0,153.0,321,396.0
2026-08-12 16:00:00+00:00,DE,16,2,321.0,226.0,163.0,396,454.0
2026-08-12 17:00:00+00:00,DE,17,2,396.0,321.0,226.0,454,472.0
2026-08-12 18:00:00+00:00,DE,18,2,454.0,396.0,321.0,472,465.0
2026-08-12 19:00:00+00:00,DE,19,2,472.0,454.0,396.0,465,460.0
2026-08-12 20:00:00+00:00,DE,20,2,465.0,472.0,454.0,460,457.0
2026-08-12 21:00:00+00:00,DE,21,2,460.0,465.0,472.0,457,460.0
2026-08-12 22:00:00+00:00,DE,22,2,457.0,460.0,465.0,460,469.0
2026-08-12 23:00:00+00:00,DE,23,2,460.0,457.0,460.0,469,476.0
2026-08-13 00:00:00+00:00,DE,0,3,469.0,460.0,457.0,476,494.0
2026-08-13 01:00:00+00:00,DE,1,3,476.0,469.0,460.0,494,495.0
2026-08-13 02:00:00+00:00,DE,2,3,494.0,476.0,469.0,495,490.0
2026-08-13 03:00:00+00:00,DE,3,3,495.0,494.0,476.0,490,461.0
2026-08-13 04:00:00+00:00,DE,4,3,490.0,495.0,494.0,461,404.0
2026-08-13 05:00:00+00:00,DE,5,3,461.0,490.0,495.0,404,349.0
2026-08-13 06:00:00+00:00,DE,6,3,404.0,461.0,490.0,349,273.0
2026-08-13 07:00:00+00:00,DE,7,3,349.0,404.0,461.0,273,206.0
2026-08-13 08:00:00+00:00,DE,8,3,273.0,349.0,404.0,206,147.0
2026-08-13 09:00:00+00:00,DE,9,3,206.0,273.0,349.0,147,141.0
2026-08-13 10:00:00+00:00,DE,10,3,147.0,206.0,273.0,141,141.0
2026-08-13 11:00:00+00:00,DE,11,3,141.0,147.0,206.0,141,141.0
2026-08-13 12:00:00+00:00,DE,12,3,141.0,141.0,147.0,141,158.0
2026-08-13 13:00:00+00:00,DE,13,3,141.0,141.0,141.0,158,213.0
2026-08-13 14:00:00+00:00,DE,14,3,158.0,141.0,141.0,213,282.0
2026-08-13 15:00:00+00:00,DE,15,3,213.0,158.0,141.0,282,355.0
2026-08-13 16:00:00+00:00,DE,16,3,282.0,213.0,158.0,355,410.0
2026-08-13 17:00:00+00:00,DE,17,3,355.0,282.0,213.0,410,426.0
2026-08-13 18:00:00+00:00,DE,18,3,410.0,355.0,282.0,426,404.0
2026-08-13 19:00:00+00:00,DE,19,3,426.0,410.0,355.0,404,383.0
2026-08-13 20:00:00+00:00,DE,20,3,404.0,426.0,410.0,383,370.0
2026-08-13 21:00:00+00:00,DE,21,3,383.0,404.0,426.0,370,370.0
2026-08-13 22:00:00+00:00,DE,22,3,370.0,383.0,404.0,370,374.0
2026-08-13 23:00:00+00:00,DE,23,3,370.0,370.0,383.0,374,394.0
2026-08-14 00:00:00+00:00,DE,0,4,374.0,370.0,370.0,394,409.0
2026-08-14 01:00:00+00:00,DE,1,4,394.0,374.0,370.0,409,418.0
2026-08-14 02:00:00+00:00,DE,2,4,409.0,394.0,374.0,418,417.0
2026-08-14 03:00:00+00:00,DE,3,4,418.0,409.0,394.0,417,392.0
2026-08-14 04:00:00+00:00,DE,4,4,417.0,418.0,409.0,392,362.0
2026-08-14 05:00:00+00:00,DE,5,4,392.0,417.0,418.0,362,316.0
2026-08-14 06:00:00+00:00,DE,6,4,362.0,392.0,417.0,316,258.0
2026-08-14 07:00:00+00:00,DE,7,4,316.0,362.0,392.0,258,202.0
2026-08-14 08:00:00+00:00,DE,8,4,258.0,316.0,362.0,202,168.0
2026-08-14 09:00:00+00:00,DE,9,4,202.0,258.0,316.0,168,151.0
2026-08-14 10:00:00+00:00,DE,10,4,168.0,202.0,258.0,151,143.0
2026-08-14 11:00:00+00:00,DE,11,4,151.0,168.0,202.0,143,153.0
2026-08-14 12:00:00+00:00,DE,12,4,143.0,151.0,168.0,153,177.0
2026-08-14 13:00:00+00:00,DE,13,4,153.0,143.0,151.0,177,237.0
2026-08-14 14:00:00+00:00,DE,14,4,177.0,153.0,143.0,237,310.0
2026-08-14 15:00:00+00:00,DE,15,4,237.0,177.0,153.0,310,372.0
2026-08-14 16:00:00+00:00,DE,16,4,310.0,237.0,177.0,372,420.0
2026-08-14 17:00:00+00:00,DE,17,4,372.0,310.0,237.0,420,444.0
2026-08-14 18:00:00+00:00,DE,18,4,420.0,372.0,310.0,444,447.0
2026-08-14 19:00:00+00:00,DE,19,4,444.0,420.0,372.0,447,451.0
2026-08-14 20:00:00+00:00,DE,20,4,447.0,444.0,420.0,451,452.0
2026-08-14 21:00:00+00:00,DE,21,4,451.0,447.0,444.0,452,448.0
2026-08-14 22:00:00+00:00,DE,22,4,452.0,451.0,447.0,448,462.0
2026-08-14 23:00:00+00:00,DE,23,4,448.0,452.0,451.0,462,467.0
2026-08-15 00:00:00+00:00,DE,0,5,462.0,448.0,452.0,467,470.0
2026-08-15 01:00:00+00:00,DE,1,5,467.0,462.0,448.0,470,477.0
2026-08-15 02:00:00+00:00,DE,2,5,470.0,467.0,462.0,477,467.0
2026-08-15 03:00:00+00:00,DE,3,5,477.0,470.0,467.0,467,446.0
2026-08-15 04:00:00+00:00,DE,4,5,467.0,477.0,470.0,446,380.0
2026-08-15 05:00:00+00:00,DE,5,5,446.0,467.0,477.0,380,296.0
2026-08-15 06:00:00+00:00,DE,6,5,380.0,446.0,467.0,296,232.0
2026-08-15 07:00:00+00:00,DE,7,5,296.0,380.0,446.0,232,185.0
2026-08-15 08:00:00+00:00,DE,8,5,232.0,296.0,380.0,185,171.0
2026-08-15 09:00:00+00:00,DE,9,5,185.0,232.0,296.0,171,161.0
2026-08-15 10:00:00+00:00,DE,10,5,171.0,185.0,232.0,161,151.0
2026-08-15 11:00:00+00:00,DE,11,5,161.0,171.0,185.0,151,156.0
2026-08-15 12:00:00+00:00,DE,12,5,151.0,161.0,171.0,156,182.0
2026-08-15 13:00:00+00:00,DE,13,5,156.0,151.0,161.0,182,215.0
2026-08-15 14:00:00+00:00,DE,14,5,182.0,156.0,151.0,215,264.0
2026-08-15 15:00:00+00:00,DE,15,5,215.0,182.0,156.0,264,321.0
2026-08-15 16:00:00+00:00,DE,16,5,264.0,215.0,182.0,321,367.0
2026-08-15 17:00:00+00:00,DE,17,5,321.0,264.0,215.0,367,393.0
2026-08-15 18:00:00+00:00,DE,18,5,367.0,321.0,264.0,393,405.0
2026-08-15 19:00:00+00:00,DE,19,5,393.0,367.0,321.0,405,422.0
2026-08-15 20:00:00+00:00,DE,20,5,405.0,393.0,367.0,422,448.0
2026-08-15 21:00:00+00:00,DE,21,5,422.0,405.0,393.0,448,448.0
2026-08-15 21:00:00+00:00,DE,21,5,448.0,422.0,405.0,448,472.0
2026-08-15 22:00:00+00:00,DE,22,5,448.0,448.0,422.0,472,491.0
2026-08-15 23:00:00+00:00,DE,23,5,472.0,448.0,448.0,491,497.0
2026-08-16 00:00:00+00:00,DE,0,6,491.0,472.0,448.0,497,500.0
2026-08-16 01:00:00+00:00,DE,1,6,497.0,491.0,472.0,500,496.0
2026-08-16 02:00:00+00:00,DE,2,6,500.0,497.0,491.0,496,494.0
2026-08-16 03:00:00+00:00,DE,3,6,496.0,500.0,497.0,494,491.0
2026-08-16 04:00:00+00:00,DE,4,6,494.0,496.0,500.0,491,455.0
2026-08-16 05:00:00+00:00,DE,5,6,491.0,494.0,496.0,455,365.0
2026-08-16 06:00:00+00:00,DE,6,6,455.0,491.0,494.0,365,280.0
2026-08-16 07:00:00+00:00,DE,7,6,365.0,455.0,491.0,280,193.0
2026-08-16 08:00:00+00:00,DE,8,6,280.0,365.0,455.0,193,147.0
2026-08-16 09:00:00+00:00,DE,9,6,193.0,280.0,365.0,147,139.0
2026-08-16 10:00:00+00:00,DE,10,6,147.0,193.0,280.0,139,139.0
2026-08-16 11:00:00+00:00,DE,11,6,139.0,147.0,193.0,139,139.0
2026-08-16 12:00:00+00:00,DE,12,6,139.0,139.0,147.0,139,150.0
2026-08-16 13:00:00+00:00,DE,13,6,139.0,139.0,139.0,150,218.0
2026-08-16 14:00:00+00:00,DE,14,6,150.0,139.0,139.0,218,293.0
2026-08-16 15:00:00+00:00,DE,15,6,218.0,150.0,139.0,293,353.0
2026-08-16 16:00:00+00:00,DE,16,6,293.0,218.0,150.0,353,407.0
2026-08-16 17:00:00+00:00,DE,17,6,353.0,293.0,218.0,407,431.0
2026-08-16 18:00:00+00:00,DE,18,6,407.0,353.0,293.0,431,449.0
2026-08-16 19:00:00+00:00,DE,19,6,431.0,407.0,353.0,449,459.0
2026-08-16 20:00:00+00:00,DE,20,6,449.0,431.0,407.0,459,472.0
2026-08-16 21:00:00+00:00,DE,21,6,459.0,449.0,431.0,472,489.0
2026-08-16 22:00:00+00:00,DE,22,6,472.0,459.0,449.0,489,506.0
2026-08-16 23:00:00+00:00,DE,23,6,489.0,472.0,459.0,506,520.0
2026-08-17 00:00:00+00:00,DE,0,0,506.0,489.0,472.0,520,522.0
2026-08-17 01:00:00+00:00,DE,1,0,520.0,506.0,489.0,522,519.0
2026-08-17 02:00:00+00:00,DE,2,0,522.0,520.0,506.0,519,498.0
2026-08-17 03:00:00+00:00,DE,3,0,519.0,522.0,520.0,498,450.0
2026-08-17 04:00:00+00:00,DE,4,0,498.0,519.0,522.0,450,404.0
2026-08-17 05:00:00+00:00,DE,5,0,450.0,498.0,519.0,404,369.0
2026-08-17 06:00:00+00:00,DE,6,0,404.0,450.0,498.0,369,348.0
2026-08-17 07:00:00+00:00,DE,7,0,369.0,404.0,450.0,348,336.0
2026-08-17 08:00:00+00:00,DE,8,0,348.0,369.0,404.0,336,304.0
2026-08-17 09:00:00+00:00,DE,9,0,336.0,348.0,369.0,304,281.0
2026-08-17 10:00:00+00:00,DE,10,0,304.0,336.0,348.0,281,275.0
2026-08-17 11:00:00+00:00,DE,11,0,281.0,304.0,336.0,275,265.0
2026-08-17 12:00:00+00:00,DE,12,0,275.0,281.0,304.0,265,258.0
2026-08-17 13:00:00+00:00,DE,13,0,265.0,275.0,281.0,258,268.0
2026-08-17 14:00:00+00:00,DE,14,0,258.0,265.0,275.0,268,298.0
2026-08-17 15:00:00+00:00,DE,15,0,268.0,258.0,265.0,298,329.0
2026-08-17 16:00:00+00:00,DE,16,0,298.0,268.0,258.0,329,367.0
2026-08-17 17:00:00+00:00,DE,17,0,329.0,298.0,268.0,367,401.0
2026-08-17 18:00:00+00:00,DE,18,0,367.0,329.0,298.0,401,422.0
2026-08-17 19:00:00+00:00,DE,19,0,401.0,367.0,329.0,422,433.0
2026-08-17 20:00:00+00:00,DE,20,0,422.0,401.0,367.0,433,451.0
2026-08-17 21:00:00+00:00,DE,21,0,433.0,422.0,401.0,451,492.0
2026-08-17 22:00:00+00:00,DE,22,0,451.0,433.0,422.0,492,491.0
2026-08-17 23:00:00+00:00,DE,23,0,492.0,451.0,433.0,491,496.0
2026-08-18 00:00:00+00:00,DE,0,1,491.0,492.0,451.0,496,499.0
2026-08-18 01:00:00+00:00,DE,1,1,496.0,491.0,492.0,499,499.0
2026-08-18 02:00:00+00:00,DE,2,1,499.0,496.0,491.0,499,487.0
2026-08-18 03:00:00+00:00,DE,3,1,499.0,499.0,496.0,487,466.0
2026-08-18 04:00:00+00:00,DE,4,1,487.0,499.0,499.0,466,440.0
2026-08-18 05:00:00+00:00,DE,5,1,466.0,487.0,499.0,440,406.0
2026-08-18 06:00:00+00:00,DE,6,1,440.0,466.0,487.0,406,381.0
2026-08-18 07:00:00+00:00,DE,7,1,406.0,440.0,466.0,381,357.0
2026-08-18 08:00:00+00:00,DE,8,1,381.0,406.0,440.0,357,319.0
2026-08-18 09:00:00+00:00,DE,9,1,357.0,381.0,406.0,319,286.0
2026-08-18 10:00:00+00:00,DE,10,1,319.0,357.0,381.0,286,277.0
2026-08-18 11:00:00+00:00,DE,11,1,286.0,319.0,357.0,277,277.0
2026-08-18 12:00:00+00:00,DE,12,1,277.0,286.0,319.0,277,279.0
2026-08-18 13:00:00+00:00,DE,13,1,277.0,277.0,286.0,279,303.0
2026-08-18 14:00:00+00:00,DE,14,1,279.0,277.0,277.0,303,326.0
2026-08-18 15:00:00+00:00,DE,15,1,303.0,279.0,277.0,326,360.0
2026-08-18 16:00:00+00:00,DE,16,1,326.0,303.0,279.0,360,382.0
2026-08-18 17:00:00+00:00,DE,17,1,360.0,326.0,303.0,382,408.0
2026-08-18 18:00:00+00:00,DE,18,1,382.0,360.0,326.0,408,418.0
2026-08-18 19:00:00+00:00,DE,19,1,408.0,382.0,360.0,418,432.0
2026-08-18 20:00:00+00:00,DE,20,1,418.0,408.0,382.0,432,430.0
2026-08-18 21:00:00+00:00,DE,21,1,432.0,418.0,408.0,430,422.0
2026-08-18 22:00:00+00:00,DE,22,1,430.0,432.0,418.0,422,424.0
2026-08-18 23:00:00+00:00,DE,23,1,422.0,430.0,432.0,424,425.0
2026-08-19 00:00:00+00:00,DE,0,2,424.0,422.0,430.0,425,421.0
2026-08-19 01:00:00+00:00,DE,1,2,425.0,424.0,422.0,421,416.0
2026-08-19 02:00:00+00:00,DE,2,2,421.0,425.0,424.0,416,388.0
2026-08-19 03:00:00+00:00,DE,3,2,416.0,421.0,425.0,388,356.0
2026-08-19 04:00:00+00:00,DE,4,2,388.0,416.0,421.0,356,332.0
2026-08-19 05:00:00+00:00,DE,5,2,356.0,388.0,416.0,332,297.0
2026-08-19 06:00:00+00:00,DE,6,2,332.0,356.0,388.0,297,273.0
2026-08-19 07:00:00+00:00,DE,7,2,297.0,332.0,356.0,273,245.0
2026-08-19 08:00:00+00:00,DE,8,2,273.0,297.0,332.0,245,229.0
2026-08-19 09:00:00+00:00,DE,9,2,245.0,273.0,297.0,229,212.0
2026-08-19 10:00:00+00:00,DE,10,2,229.0,245.0,273.0,212,204.0
2026-08-19 11:00:00+00:00,DE,11,2,212.0,229.0,245.0,204,213.0
2026-08-19 12:00:00+00:00,DE,12,2,204.0,212.0,229.0,213,235.0
2026-08-19 13:00:00+00:00,DE,13,2,213.0,204.0,212.0,235,271.0
2026-08-19 14:00:00+00:00,DE,14,2,235.0,213.0,204.0,271,311.0
2026-08-19 15:00:00+00:00,DE,15,2,271.0,235.0,213.0,311,361.0
2026-08-19 16:00:00+00:00,DE,16,2,311.0,271.0,235.0,361,411.0
2026-08-19 17:00:00+00:00,DE,17,2,361.0,311.0,271.0,411,439.0
2026-08-19 18:00:00+00:00,DE,18,2,411.0,361.0,311.0,439,449.0
2026-08-19 19:00:00+00:00,DE,19,2,439.0,411.0,361.0,449,456.0
2026-08-19 20:00:00+00:00,DE,20,2,449.0,439.0,411.0,456,483.0
2026-08-19 21:00:00+00:00,DE,21,2,456.0,449.0,439.0,483,460.0
2026-08-19 22:00:00+00:00,DE,22,2,483.0,456.0,449.0,460,490.0
2026-08-19 23:00:00+00:00,DE,23,2,460.0,483.0,456.0,490,504.0
2026-08-20 00:00:00+00:00,DE,0,3,490.0,460.0,483.0,504,509.0
2026-08-20 01:00:00+00:00,DE,1,3,504.0,490.0,460.0,509,485.0
2026-08-20 02:00:00+00:00,DE,2,3,509.0,504.0,490.0,485,461.0
2026-08-20 03:00:00+00:00,DE,3,3,485.0,509.0,504.0,461,429.0
2026-08-20 04:00:00+00:00,DE,4,3,461.0,485.0,509.0,429,405.0
2026-08-20 05:00:00+00:00,DE,5,3,429.0,461.0,485.0,405,362.0
2026-08-20 06:00:00+00:00,DE,6,3,405.0,429.0,461.0,362,305.0
2026-08-20 07:00:00+00:00,DE,7,3,362.0,405.0,429.0,305,244.0
2026-08-20 08:00:00+00:00,DE,8,3,305.0,362.0,405.0,244,189.0
2026-08-20 09:00:00+00:00,DE,9,3,244.0,305.0,362.0,189,152.0
2026-08-20 10:00:00+00:00,DE,10,3,189.0,244.0,305.0,152,156.0
2026-08-20 11:00:00+00:00,DE,11,3,152.0,189.0,244.0,156,158.0
2026-08-20 12:00:00+00:00,DE,12,3,156.0,152.0,189.0,158,166.0
2026-08-20 13:00:00+00:00,DE,13,3,158.0,156.0,152.0,166,205.0
2026-08-20 14:00:00+00:00,DE,14,3,166.0,158.0,156.0,205,251.0
2026-08-20 15:00:00+00:00,DE,15,3,205.0,166.0,158.0,251,318.0
2026-08-20 16:00:00+00:00,DE,16,3,251.0,205.0,166.0,318,386.0
2026-08-20 17:00:00+00:00,DE,17,3,318.0,251.0,205.0,386,406.0
2026-08-20 18:00:00+00:00,DE,18,3,386.0,318.0,251.0,406,416.0
2026-08-20 19:00:00+00:00,DE,19,3,406.0,386.0,318.0,416,423.0
2026-08-20 20:00:00+00:00,DE,20,3,416.0,406.0,386.0,423,429.0
2026-08-20 21:00:00+00:00,DE,21,3,423.0,416.0,406.0,429,439.0
2026-08-20 22:00:00+00:00,DE,22,3,429.0,423.0,416.0,439,460.0
2026-08-20 23:00:00+00:00,DE,23,3,439.0,429.0,423.0,460,475.0
2026-08-21 00:00:00+00:00,DE,0,4,460.0,439.0,429.0,475,469.0
2026-08-21 01:00:00+00:00,DE,1,4,475.0,460.0,439.0,469,467.0
2026-08-21 02:00:00+00:00,DE,2,4,469.0,475.0,460.0,467,444.0
2026-08-21 03:00:00+00:00,DE,3,4,467.0,469.0,475.0,444,413.0
2026-08-21 04:00:00+00:00,DE,4,4,444.0,467.0,469.0,413,380.0
2026-08-21 05:00:00+00:00,DE,5,4,413.0,444.0,467.0,380,344.0
2026-08-21 06:00:00+00:00,DE,6,4,380.0,413.0,444.0,344,317.0
2026-08-21 07:00:00+00:00,DE,7,4,344.0,380.0,413.0,317,287.0
2026-08-21 08:00:00+00:00,DE,8,4,317.0,344.0,380.0,287,264.0
2026-08-21 09:00:00+00:00,DE,9,4,287.0,317.0,344.0,264,255.0
2026-08-21 10:00:00+00:00,DE,10,4,264.0,287.0,317.0,255,270.0
2026-08-21 11:00:00+00:00,DE,11,4,255.0,264.0,287.0,270,293.0
2026-08-21 12:00:00+00:00,DE,12,4,270.0,255.0,264.0,293,306.0
2026-08-21 13:00:00+00:00,DE,13,4,293.0,270.0,255.0,306,329.0
2026-08-21 14:00:00+00:00,DE,14,4,306.0,293.0,270.0,329,359.0
2026-08-21 15:00:00+00:00,DE,15,4,329.0,306.0,293.0,359,392.0
2026-08-21 16:00:00+00:00,DE,16,4,359.0,329.0,306.0,392,423.0
2026-08-21 17:00:00+00:00,DE,17,4,392.0,359.0,329.0,423,447.0
2026-08-21 18:00:00+00:00,DE,18,4,423.0,392.0,359.0,447,459.0
2026-08-21 19:00:00+00:00,DE,19,4,447.0,423.0,392.0,459,452.0
2026-08-21 20:00:00+00:00,DE,20,4,459.0,447.0,423.0,452,451.0
2026-08-21 21:00:00+00:00,DE,21,4,452.0,459.0,447.0,451,448.0
2026-08-21 22:00:00+00:00,DE,22,4,451.0,452.0,459.0,448,438.0
2026-08-21 23:00:00+00:00,DE,23,4,448.0,451.0,452.0,438,434.0
2026-08-22 00:00:00+00:00,DE,0,5,438.0,448.0,451.0,434,432.0
2026-08-22 01:00:00+00:00,DE,1,5,434.0,438.0,448.0,432,423.0
2026-08-22 02:00:00+00:00,DE,2,5,432.0,434.0,438.0,423,401.0
2026-08-22 03:00:00+00:00,DE,3,5,423.0,432.0,434.0,401,362.0
2026-08-22 04:00:00+00:00,DE,4,5,401.0,423.0,432.0,362,329.0
2026-08-22 05:00:00+00:00,DE,5,5,362.0,401.0,423.0,329,276.0
2026-08-22 06:00:00+00:00,DE,6,5,329.0,362.0,401.0,276,168.0
2026-08-22 07:00:00+00:00,DE,7,5,276.0,329.0,362.0,168,118.0
2026-08-22 08:00:00+00:00,DE,8,5,168.0,276.0,329.0,118,111.0
2026-08-22 09:00:00+00:00,DE,9,5,118.0,168.0,276.0,111,109.0
2026-08-22 10:00:00+00:00,DE,10,5,111.0,118.0,168.0,109,110.0
2026-08-22 11:00:00+00:00,DE,11,5,109.0,111.0,118.0,110,110.0
2026-08-22 12:00:00+00:00,DE,12,5,110.0,109.0,111.0,110,113.0
2026-08-22 13:00:00+00:00,DE,13,5,110.0,110.0,109.0,113,119.0
2026-08-22 14:00:00+00:00,DE,14,5,113.0,110.0,110.0,119,131.0
2026-08-22 15:00:00+00:00,DE,15,5,119.0,113.0,110.0,131,173.0
2026-08-22 16:00:00+00:00,DE,16,5,131.0,119.0,113.0,173,258.0
2026-08-22 17:00:00+00:00,DE,17,5,173.0,131.0,119.0,258,278.0
2026-08-22 18:00:00+00:00,DE,18,5,258.0,173.0,131.0,278,291.0
2026-08-22 19:00:00+00:00,DE,19,5,278.0,258.0,173.0,291,291.0
2026-08-22 20:00:00+00:00,DE,20,5,291.0,278.0,258.0,291,291.0
2026-08-22 21:00:00+00:00,DE,21,5,291.0,291.0,278.0,291,312.0
2026-08-22 22:00:00+00:00,DE,22,5,291.0,291.0,291.0,312,317.0
2026-08-22 23:00:00+00:00,DE,23,5,312.0,291.0,291.0,317,315.0
2026-08-23 00:00:00+00:00,DE,0,6,317.0,312.0,291.0,315,294.0
2026-08-23 01:00:00+00:00,DE,1,6,315.0,317.0,312.0,294,293.0
2026-08-23 02:00:00+00:00,DE,2,6,294.0,315.0,317.0,293,281.0
2026-08-23 03:00:00+00:00,DE,3,6,293.0,294.0,315.0,281,267.0
2026-08-23 04:00:00+00:00,DE,4,6,281.0,293.0,294.0,267,242.0
2026-08-23 05:00:00+00:00,DE,5,6,267.0,281.0,293.0,242,174.0
2026-08-23 06:00:00+00:00,DE,6,6,242.0,267.0,281.0,174,125.0
2026-08-23 07:00:00+00:00,DE,7,6,174.0,242.0,267.0,125,121.0
2026-08-23 08:00:00+00:00,DE,8,6,125.0,174.0,242.0,121,116.0
2026-08-23 09:00:00+00:00,DE,9,6,121.0,125.0,174.0,116,119.0
2026-08-23 10:00:00+00:00,DE,10,6,116.0,121.0,125.0,119,124.0
2026-08-23 11:00:00+00:00,DE,11,6,119.0,116.0,121.0,124,128.0
2026-08-23 12:00:00+00:00,DE,12,6,124.0,119.0,116.0,128,130.0
2026-08-23 13:00:00+00:00,DE,13,6,128.0,124.0,119.0,130,138.0
2026-08-23 14:00:00+00:00,DE,14,6,130.0,128.0,124.0,138,147.0
2026-08-23 15:00:00+00:00,DE,15,6,138.0,130.0,128.0,147,245.0
2026-08-23 16:00:00+00:00,DE,16,6,147.0,138.0,130.0,245,319.0
2026-08-23 17:00:00+00:00,DE,17,6,245.0,147.0,138.0,319,355.0
2026-08-23 18:00:00+00:00,DE,18,6,319.0,245.0,147.0,355,377.0
2026-08-23 19:00:00+00:00,DE,19,6,355.0,319.0,245.0,377,391.0
2026-08-23 20:00:00+00:00,DE,20,6,377.0,355.0,319.0,391,409.0
2026-08-23 21:00:00+00:00,DE,21,6,391.0,377.0,355.0,409,431.0
2026-08-23 22:00:00+00:00,DE,22,6,409.0,391.0,377.0,431,449.0
2026-08-23 23:00:00+00:00,DE,23,6,431.0,409.0,391.0,449,465.0
2026-08-24 00:00:00+00:00,DE,0,0,449.0,431.0,409.0,465,480.0
2026-08-24 01:00:00+00:00,DE,1,0,465.0,449.0,431.0,480,477.0
2026-08-24 02:00:00+00:00,DE,2,0,480.0,465.0,449.0,477,465.0
2026-08-24 03:00:00+00:00,DE,3,0,477.0,480.0,465.0,465,438.0
2026-08-24 04:00:00+00:00,DE,4,0,465.0,477.0,480.0,438,412.0
2026-08-24 05:00:00+00:00,DE,5,0,438.0,465.0,477.0,412,367.0
2026-08-24 06:00:00+00:00,DE,6,0,412.0,438.0,465.0,367,309.0
2026-08-24 07:00:00+00:00,DE,7,0,367.0,412.0,438.0,309,241.0
2026-08-24 08:00:00+00:00,DE,8,0,309.0,367.0,412.0,241,200.0
2026-08-24 09:00:00+00:00,DE,9,0,241.0,309.0,367.0,200,183.0
2026-08-24 10:00:00+00:00,DE,10,0,200.0,241.0,309.0,183,172.0
2026-08-24 11:00:00+00:00,DE,11,0,183.0,200.0,241.0,172,177.0
2026-08-24 12:00:00+00:00,DE,12,0,172.0,183.0,200.0,177,207.0
2026-08-24 13:00:00+00:00,DE,13,0,177.0,172.0,183.0,207,275.0
2026-08-24 14:00:00+00:00,DE,14,0,207.0,177.0,172.0,275,352.0
2026-08-24 15:00:00+00:00,DE,15,0,275.0,207.0,177.0,352,404.0
2026-08-24 16:00:00+00:00,DE,16,0,352.0,275.0,207.0,404,437.0
2026-08-24 17:00:00+00:00,DE,17,0,404.0,352.0,275.0,437,455.0
2026-08-24 18:00:00+00:00,DE,18,0,437.0,404.0,352.0,455,455.0
2026-08-24 19:00:00+00:00,DE,19,0,455.0,437.0,404.0,455,458.0
2026-08-24 20:00:00+00:00,DE,20,0,455.0,455.0,437.0,458,459.0
2026-08-24 21:00:00+00:00,DE,21,0,458.0,455.0,455.0,459,459.0
2026-08-24 21:00:00+00:00,DE,21,0,459.0,458.0,455.0,459,448.0
2026-08-24 22:00:00+00:00,DE,22,0,459.0,459.0,458.0,448,447.0
2026-08-24 23:00:00+00:00,DE,23,0,448.0,459.0,459.0,447,445.0
2026-08-25 00:00:00+00:00,DE,0,1,447.0,448.0,459.0,445,440.0
2026-08-25 01:00:00+00:00,DE,1,1,445.0,447.0,448.0,440,439.0
2026-08-25 02:00:00+00:00,DE,2,1,440.0,445.0,447.0,439,435.0
2026-08-25 03:00:00+00:00,DE,3,1,439.0,440.0,445.0,435,410.0
2026-08-25 04:00:00+00:00,DE,4,1,435.0,439.0,440.0,410,395.0
2026-08-25 05:00:00+00:00,DE,5,1,410.0,435.0,439.0,395,377.0
2026-08-25 06:00:00+00:00,DE,6,1,395.0,410.0,435.0,377,342.0
2026-08-25 07:00:00+00:00,DE,7,1,377.0,395.0,410.0,342,272.0
2026-08-25 08:00:00+00:00,DE,8,1,342.0,377.0,395.0,272,232.0
2026-08-25 09:00:00+00:00,DE,9,1,272.0,342.0,377.0,232,222.0
2026-08-25 10:00:00+00:00,DE,10,1,232.0,272.0,342.0,222,219.0
2026-08-25 11:00:00+00:00,DE,11,1,222.0,232.0,272.0,219,226.0
2026-08-25 12:00:00+00:00,DE,12,1,219.0,222.0,232.0,226,241.0
2026-08-25 13:00:00+00:00,DE,13,1,226.0,219.0,222.0,241,284.0
2026-08-25 14:00:00+00:00,DE,14,1,241.0,226.0,219.0,284,333.0
2026-08-25 15:00:00+00:00,DE,15,1,284.0,241.0,226.0,333,377.0
2026-08-25 16:00:00+00:00,DE,16,1,333.0,284.0,241.0,377,408.0
2026-08-25 17:00:00+00:00,DE,17,1,377.0,333.0,284.0,408,414.0
2026-08-25 18:00:00+00:00,DE,18,1,408.0,377.0,333.0,414,416.0
2026-08-25 19:00:00+00:00,DE,19,1,414.0,408.0,377.0,416,424.0
2026-08-25 20:00:00+00:00,DE,20,1,416.0,414.0,408.0,424,435.0
2026-08-25 21:00:00+00:00,DE,21,1,424.0,416.0,414.0,435,440.0
2026-08-25 22:00:00+00:00,DE,22,1,435.0,424.0,416.0,440,446.0
2026-08-25 23:00:00+00:00,DE,23,1,440.0,435.0,424.0,446,455.0
2026-08-26 00:00:00+00:00,DE,0,2,446.0,440.0,435.0,455,449.0
2026-08-26 01:00:00+00:00,DE,1,2,455.0,446.0,440.0,449,454.0
2026-08-26 02:00:00+00:00,DE,2,2,449.0,455.0,446.0,454,453.0
2026-08-26 03:00:00+00:00,DE,3,2,454.0,449.0,455.0,453,426.0
2026-08-26 04:00:00+00:00,DE,4,2,453.0,454.0,449.0,426,407.0
2026-08-26 05:00:00+00:00,DE,5,2,426.0,453.0,454.0,407,397.0
2026-08-26 06:00:00+00:00,DE,6,2,407.0,426.0,453.0,397,365.0
2026-08-26 07:00:00+00:00,DE,7,2,397.0,407.0,426.0,365,306.0
2026-08-26 08:00:00+00:00,DE,8,2,365.0,397.0,407.0,306,236.0
2026-08-26 09:00:00+00:00,DE,9,2,306.0,365.0,397.0,236,183.0
2026-08-26 10:00:00+00:00,DE,10,2,236.0,306.0,365.0,183,170.0
2026-08-26 11:00:00+00:00,DE,11,2,183.0,236.0,306.0,170,171.0
2026-08-26 12:00:00+00:00,DE,12,2,170.0,183.0,236.0,171,187.0
2026-08-26 13:00:00+00:00,DE,13,2,171.0,170.0,183.0,187,228.0
2026-08-26 14:00:00+00:00,DE,14,2,187.0,171.0,170.0,228,286.0
2026-08-26 15:00:00+00:00,DE,15,2,228.0,187.0,171.0,286,342.0
2026-08-26 16:00:00+00:00,DE,16,2,286.0,228.0,187.0,342,379.0
2026-08-26 17:00:00+00:00,DE,17,2,342.0,286.0,228.0,379,386.0
2026-08-26 18:00:00+00:00,DE,18,2,379.0,342.0,286.0,386,373.0
2026-08-26 19:00:00+00:00,DE,19,2,386.0,379.0,342.0,373,372.0
2026-08-26 20:00:00+00:00,DE,20,2,373.0,386.0,379.0,372,365.0
2026-08-26 21:00:00+00:00,DE,21,2,372.0,373.0,386.0,365,367.0
2026-08-26 22:00:00+00:00,DE,22,2,365.0,372.0,373.0,367,363.0
2026-08-26 23:00:00+00:00,DE,23,2,367.0,365.0,372.0,363,357.0
2026-08-27 00:00:00+00:00,DE,0,3,363.0,367.0,365.0,357,357.0
2026-08-27 01:00:00+00:00,DE,1,3,357.0,363.0,367.0,357,357.0
2026-08-27 02:00:00+00:00,DE,2,3,357.0,357.0,363.0,357,360.0
2026-08-27 03:00:00+00:00,DE,3,3,357.0,357.0,357.0,360,347.0
2026-08-27 04:00:00+00:00,DE,4,3,360.0,357.0,357.0,347,327.0
2026-08-27 05:00:00+00:00,DE,5,3,347.0,360.0,357.0,327,290.0
2026-08-27 06:00:00+00:00,DE,6,3,327.0,347.0,360.0,290,249.0
2026-08-27 07:00:00+00:00,DE,7,3,290.0,327.0,347.0,249,207.0
2026-08-27 08:00:00+00:00,DE,8,3,249.0,290.0,327.0,207,172.0
2026-08-27 09:00:00+00:00,DE,9,3,207.0,249.0,290.0,172,164.0
2026-08-27 10:00:00+00:00,DE,10,3,172.0,207.0,249.0,164,166.0
2026-08-27 11:00:00+00:00,DE,11,3,164.0,172.0,207.0,166,168.0
2026-08-27 12:00:00+00:00,DE,12,3,166.0,164.0,172.0,168,176.0
2026-08-27 13:00:00+00:00,DE,13,3,168.0,166.0,164.0,176,217.0
2026-08-27 14:00:00+00:00,DE,14,3,176.0,168.0,166.0,217,261.0
2026-08-27 15:00:00+00:00,DE,15,3,217.0,176.0,168.0,261,296.0
2026-08-27 16:00:00+00:00,DE,16,3,261.0,217.0,176.0,296,332.0
2026-08-27 17:00:00+00:00,DE,17,3,296.0,261.0,217.0,332,326.0
2026-08-27 18:00:00+00:00,DE,18,3,332.0,296.0,261.0,326,320.0
2026-08-27 19:00:00+00:00,DE,19,3,326.0,332.0,296.0,320,316.0
2026-08-27 20:00:00+00:00,DE,20,3,320.0,326.0,332.0,316,318.0
2026-08-27 21:00:00+00:00,DE,21,3,316.0,320.0,326.0,318,325.0
2026-08-27 22:00:00+00:00,DE,22,3,318.0,316.0,320.0,325,337.0
2026-08-27 23:00:00+00:00,DE,23,3,325.0,318.0,316.0,337,349.0
2026-08-28 00:00:00+00:00,DE,0,4,337.0,325.0,318.0,349,361.0
2026-08-28 01:00:00+00:00,DE,1,4,349.0,337.0,325.0,361,366.0
2026-08-28 02:00:00+00:00,DE,2,4,361.0,349.0,337.0,366,364.0
2026-08-28 03:00:00+00:00,DE,3,4,366.0,361.0,349.0,364,363.0
2026-08-28 04:00:00+00:00,DE,4,4,364.0,366.0,361.0,363,357.0
2026-08-28 05:00:00+00:00,DE,5,4,363.0,364.0,366.0,357,337.0
2026-08-28 06:00:00+00:00,DE,6,4,357.0,363.0,364.0,337,313.0
2026-08-28 07:00:00+00:00,DE,7,4,337.0,357.0,363.0,313,292.0
2026-08-28 08:00:00+00:00,DE,8,4,313.0,337.0,357.0,292,290.0
2026-08-28 09:00:00+00:00,DE,9,4,292.0,313.0,337.0,290,288.0
2026-08-28 10:00:00+00:00,DE,10,4,290.0,292.0,313.0,288,263.0
2026-08-28 11:00:00+00:00,DE,11,4,288.0,290.0,292.0,263,260.0
2026-08-28 12:00:00+00:00,DE,12,4,263.0,288.0,290.0,260,263.0
2026-08-28 13:00:00+00:00,DE,13,4,260.0,263.0,288.0,263,289.0
2026-08-28 14:00:00+00:00,DE,14,4,263.0,260.0,263.0,289,302.0
2026-08-28 15:00:00+00:00,DE,15,4,289.0,263.0,260.0,302,324.0
2026-08-28 16:00:00+00:00,DE,16,4,302.0,289.0,263.0,324,344.0
2026-08-28 17:00:00+00:00,DE,17,4,324.0,302.0,289.0,344,356.0
2026-08-28 18:00:00+00:00,DE,18,4,344.0,324.0,302.0,356,358.0
2026-08-28 19:00:00+00:00,DE,19,4,356.0,344.0,324.0,358,336.0
2026-08-28 20:00:00+00:00,DE,20,4,358.0,356.0,344.0,336,319.0
2026-08-28 21:00:00+00:00,DE,21,4,336.0,358.0,356.0,319,301.0
2026-08-28 22:00:00+00:00,DE,22,4,319.0,336.0,358.0,301,276.0
2026-08-28 23:00:00+00:00,DE,23,4,301.0,319.0,336.0,276,253.0
2026-08-29 00:00:00+00:00,DE,0,5,276.0,301.0,319.0,253,229.0
2026-08-29 01:00:00+00:00,DE,1,5,253.0,276.0,301.0,229,223.0
2026-08-29 02:00:00+00:00,DE,2,5,229.0,253.0,276.0,223,222.0
2026-08-29 03:00:00+00:00,DE,3,5,223.0,229.0,253.0,222,215.0
2026-08-29 04:00:00+00:00,DE,4,5,222.0,223.0,229.0,215,196.0
2026-08-29 05:00:00+00:00,DE,5,5,215.0,222.0,223.0,196,142.0
2026-08-29 06:00:00+00:00,DE,6,5,196.0,215.0,222.0,142,112.0
2026-08-29 07:00:00+00:00,DE,7,5,142.0,196.0,215.0,112,109.0
2026-08-29 08:00:00+00:00,DE,8,5,112.0,142.0,196.0,109,108.0
2026-08-29 09:00:00+00:00,DE,9,5,109.0,112.0,142.0,108,106.0
2026-08-29 10:00:00+00:00,DE,10,5,108.0,109.0,112.0,106,105.0
2026-08-29 11:00:00+00:00,DE,11,5,106.0,108.0,109.0,105,107.0
2026-08-29 12:00:00+00:00,DE,12,5,105.0,106.0,108.0,107,109.0
2026-08-29 13:00:00+00:00,DE,13,5,107.0,105.0,106.0,109,119.0
2026-08-29 14:00:00+00:00,DE,14,5,109.0,107.0,105.0,119,153.0
2026-08-29 15:00:00+00:00,DE,15,5,119.0,109.0,107.0,153,236.0
2026-08-29 16:00:00+00:00,DE,16,5,153.0,119.0,109.0,236,283.0
2026-08-29 17:00:00+00:00,DE,17,5,236.0,153.0,119.0,283,306.0
2026-08-29 18:00:00+00:00,DE,18,5,283.0,236.0,153.0,306,299.0
2026-08-29 19:00:00+00:00,DE,19,5,306.0,283.0,236.0,299,288.0
2026-08-29 20:00:00+00:00,DE,20,5,299.0,306.0,283.0,288,259.0
2026-08-29 21:00:00+00:00,DE,21,5,288.0,299.0,306.0,259,234.0
2026-08-29 22:00:00+00:00,DE,22,5,259.0,288.0,299.0,234,215.0
2026-08-29 23:00:00+00:00,DE,23,5,234.0,259.0,288.0,215,200.0
2026-08-30 00:00:00+00:00,DE,0,6,215.0,234.0,259.0,200,180.0
2026-08-30 01:00:00+00:00,DE,1,6,200.0,215.0,234.0,180,164.0
2026-08-30 02:00:00+00:00,DE,2,6,180.0,200.0,215.0,164,150.0
2026-08-30 03:00:00+00:00,DE,3,6,164.0,180.0,200.0,150,142.0
2026-08-30 04:00:00+00:00,DE,4,6,150.0,164.0,180.0,142,138.0
2026-08-30 05:00:00+00:00,DE,5,6,142.0,150.0,164.0,138,129.0
2026-08-30 06:00:00+00:00,DE,6,6,138.0,142.0,150.0,129,113.0
2026-08-30 07:00:00+00:00,DE,7,6,129.0,138.0,142.0,113,104.0
2026-08-30 08:00:00+00:00,DE,8,6,113.0,129.0,138.0,104,102.0
2026-08-30 09:00:00+00:00,DE,9,6,104.0,113.0,129.0,102,103.0
2026-08-30 10:00:00+00:00,DE,10,6,102.0,104.0,113.0,103,106.0
2026-08-30 11:00:00+00:00,DE,11,6,103.0,102.0,104.0,106,110.0
2026-08-30 12:00:00+00:00,DE,12,6,106.0,103.0,102.0,110,112.0
2026-08-30 13:00:00+00:00,DE,13,6,110.0,106.0,103.0,112,128.0
2026-08-30 14:00:00+00:00,DE,14,6,112.0,110.0,106.0,128,191.0
2026-08-30 15:00:00+00:00,DE,15,6,128.0,112.0,110.0,191,284.0
2026-08-30 16:00:00+00:00,DE,16,6,191.0,128.0,112.0,284,356.0
2026-08-30 17:00:00+00:00,DE,17,6,284.0,191.0,128.0,356,401.0
2026-08-30 18:00:00+00:00,DE,18,6,356.0,284.0,191.0,401,412.0
2026-08-30 19:00:00+00:00,DE,19,6,401.0,356.0,284.0,412,421.0
2026-08-30 20:00:00+00:00,DE,20,6,412.0,401.0,356.0,421,435.0
2026-08-30 21:00:00+00:00,DE,21,6,421.0,412.0,401.0,435,438.0
2026-08-30 22:00:00+00:00,DE,22,6,435.0,421.0,412.0,438,435.0
2026-08-30 23:00:00+00:00,DE,23,6,438.0,435.0,421.0,435,423.0
2026-08-31 00:00:00+00:00,DE,0,0,435.0,438.0,435.0,423,397.0
2026-08-31 01:00:00+00:00,DE,1,0,423.0,435.0,438.0,397,372.0
2026-08-31 02:00:00+00:00,DE,2,0,397.0,423.0,435.0,372,344.0
2026-08-31 03:00:00+00:00,DE,3,0,372.0,397.0,423.0,344,316.0
2026-08-31 04:00:00+00:00,DE,4,0,344.0,372.0,397.0,316,289.0
2026-08-31 05:00:00+00:00,DE,5,0,316.0,344.0,372.0,289,235.0
2026-08-31 06:00:00+00:00,DE,6,0,289.0,316.0,344.0,235,184.0
2026-08-31 07:00:00+00:00,DE,7,0,235.0,289.0,316.0,184,144.0
2026-08-31 08:00:00+00:00,DE,8,0,184.0,235.0,289.0,144,113.0
2026-08-31 09:00:00+00:00,DE,9,0,144.0,184.0,235.0,113,110.0
2026-08-31 10:00:00+00:00,DE,10,0,113.0,144.0,184.0,110,109.0
2026-08-31 11:00:00+00:00,DE,11,0,110.0,113.0,144.0,109,109.0
2026-08-31 12:00:00+00:00,DE,12,0,109.0,110.0,113.0,109,113.0
2026-08-31 13:00:00+00:00,DE,13,0,109.0,109.0,110.0,113,125.0
2026-08-31 14:00:00+00:00,DE,14,0,113.0,109.0,109.0,125,176.0
2026-08-31 15:00:00+00:00,DE,15,0,125.0,113.0,109.0,176,251.0
2026-08-31 16:00:00+00:00,DE,16,0,176.0,125.0,113.0,251,293.0
2026-08-31 17:00:00+00:00,DE,17,0,251.0,176.0,125.0,293,315.0
2026-08-31 18:00:00+00:00,DE,18,0,293.0,251.0,176.0,315,320.0
2026-08-31 19:00:00+00:00,DE,19,0,315.0,293.0,251.0,320,330.0
2026-08-31 20:00:00+00:00,DE,20,0,320.0,315.0,293.0,330,338.0
2026-08-31 21:00:00+00:00,DE,21,0,330.0,320.0,315.0,338,332.0
2026-08-31 22:00:00+00:00,DE,22,0,338.0,330.0,320.0,332,346.0
2026-08-31 23:00:00+00:00,DE,23,0,332.0,338.0,330.0,346,356.0
2026-09-01 00:00:00+00:00,DE,0,1,346.0,332.0,338.0,356,367.0
2026-09-01 01:00:00+00:00,DE,1,1,356.0,346.0,332.0,367,370.0
2026-09-01 02:00:00+00:00,DE,2,1,367.0,356.0,346.0,370,374.0
2026-09-01 03:00:00+00:00,DE,3,1,370.0,367.0,356.0,374,362.0
2026-09-01 04:00:00+00:00,DE,4,1,374.0,370.0,367.0,362,341.0
2026-09-01 05:00:00+00:00,DE,5,1,362.0,374.0,370.0,341,311.0
2026-09-01 06:00:00+00:00,DE,6,1,341.0,362.0,374.0,311,264.0
2026-09-01 07:00:00+00:00,DE,7,1,311.0,341.0,362.0,264,208.0
2026-09-01 08:00:00+00:00,DE,8,1,264.0,311.0,341.0,208,150.0
2026-09-01 09:00:00+00:00,DE,9,1,208.0,264.0,311.0,150,132.0
2026-09-01 10:00:00+00:00,DE,10,1,150.0,208.0,264.0,132,129.0
2026-09-01 11:00:00+00:00,DE,11,1,132.0,150.0,208.0,129,131.0
2026-09-01 12:00:00+00:00,DE,12,1,129.0,132.0,150.0,131,141.0
2026-09-01 13:00:00+00:00,DE,13,1,131.0,129.0,132.0,141,186.0
2026-09-01 14:00:00+00:00,DE,14,1,141.0,131.0,129.0,186,249.0
2026-09-01 15:00:00+00:00,DE,15,1,186.0,141.0,131.0,249,329.0
2026-09-01 16:00:00+00:00,DE,16,1,249.0,186.0,141.0,329,382.0
2026-09-01 17:00:00+00:00,DE,17,1,329.0,249.0,186.0,382,369.0
2026-09-01 18:00:00+00:00,DE,18,1,382.0,329.0,249.0,369,357.0
2026-09-01 19:00:00+00:00,DE,19,1,369.0,382.0,329.0,357,372.0
2026-09-01 20:00:00+00:00,DE,20,1,357.0,369.0,382.0,372,396.0
2026-09-01 21:00:00+00:00,DE,21,1,372.0,357.0,369.0,396,387.0
2026-09-01 22:00:00+00:00,DE,22,1,396.0,372.0,357.0,387,407.0
2026-09-01 23:00:00+00:00,DE,23,1,387.0,396.0,372.0,407,417.0
2026-09-02 00:00:00+00:00,DE,0,2,407.0,387.0,396.0,417,416.0
2026-09-02 01:00:00+00:00,DE,1,2,417.0,407.0,387.0,416,411.0
2026-09-02 02:00:00+00:00,DE,2,2,416.0,417.0,407.0,411,410.0
2026-09-02 03:00:00+00:00,DE,3,2,411.0,416.0,417.0,410,392.0
2026-09-02 04:00:00+00:00,DE,4,2,410.0,411.0,416.0,392,365.0
2026-09-02 05:00:00+00:00,DE,5,2,392.0,410.0,411.0,365,343.0
2026-09-02 06:00:00+00:00,DE,6,2,365.0,392.0,410.0,343,309.0
2026-09-02 07:00:00+00:00,DE,7,2,343.0,365.0,392.0,309,261.0
2026-09-02 08:00:00+00:00,DE,8,2,309.0,343.0,365.0,261,214.0
2026-09-02 09:00:00+00:00,DE,9,2,261.0,309.0,343.0,214,193.0
2026-09-02 10:00:00+00:00,DE,10,2,214.0,261.0,309.0,193,188.0
2026-09-02 11:00:00+00:00,DE,11,2,193.0,214.0,261.0,188,194.0
2026-09-02 12:00:00+00:00,DE,12,2,188.0,193.0,214.0,194,214.0
2026-09-02 13:00:00+00:00,DE,13,2,194.0,188.0,193.0,214,251.0
2026-09-02 14:00:00+00:00,DE,14,2,214.0,194.0,188.0,251,315.0
2026-09-02 15:00:00+00:00,DE,15,2,251.0,214.0,194.0,315,375.0
2026-09-02 16:00:00+00:00,DE,16,2,315.0,251.0,214.0,375,417.0
2026-09-02 17:00:00+00:00,DE,17,2,375.0,315.0,251.0,417,430.0
2026-09-02 18:00:00+00:00,DE,18,2,417.0,375.0,315.0,430,439.0
2026-09-02 19:00:00+00:00,DE,19,2,430.0,417.0,375.0,439,457.0
2026-09-02 20:00:00+00:00,DE,20,2,439.0,430.0,417.0,457,470.0
2026-09-02 21:00:00+00:00,DE,21,2,457.0,439.0,430.0,470,470.0
2026-09-02 21:00:00+00:00,DE,21,2,470.0,457.0,439.0,470,445.0
2026-09-02 22:00:00+00:00,DE,22,2,470.0,470.0,457.0,445,419.0
2026-09-02 23:00:00+00:00,DE,23,2,445.0,470.0,470.0,419,406.0
2026-09-03 00:00:00+00:00,DE,0,3,419.0,445.0,470.0,406,419.0
2026-09-03 01:00:00+00:00,DE,1,3,406.0,419.0,445.0,419,408.0
2026-09-03 02:00:00+00:00,DE,2,3,419.0,406.0,419.0,408,385.0
2026-09-03 03:00:00+00:00,DE,3,3,408.0,419.0,406.0,385,348.0
2026-09-03 04:00:00+00:00,DE,4,3,385.0,408.0,419.0,348,314.0
2026-09-03 05:00:00+00:00,DE,5,3,348.0,385.0,408.0,314,266.0
2026-09-03 06:00:00+00:00,DE,6,3,314.0,348.0,385.0,266,223.0
2026-09-03 07:00:00+00:00,DE,7,3,266.0,314.0,348.0,223,178.0
2026-09-03 08:00:00+00:00,DE,8,3,223.0,266.0,314.0,178,149.0
2026-09-03 09:00:00+00:00,DE,9,3,178.0,223.0,266.0,149,142.0
2026-09-03 10:00:00+00:00,DE,10,3,149.0,178.0,223.0,142,138.0
2026-09-03 11:00:00+00:00,DE,11,3,142.0,149.0,178.0,138,133.0
2026-09-03 12:00:00+00:00,DE,12,3,138.0,142.0,149.0,133,136.0
2026-09-03 13:00:00+00:00,DE,13,3,133.0,138.0,142.0,136,156.0
2026-09-03 14:00:00+00:00,DE,14,3,136.0,133.0,138.0,156,196.0
2026-09-03 15:00:00+00:00,DE,15,3,156.0,136.0,133.0,196,235.0
2026-09-03 16:00:00+00:00,DE,16,3,196.0,156.0,136.0,235,260.0
2026-09-03 17:00:00+00:00,DE,17,3,235.0,196.0,156.0,260,275.0
2026-09-03 18:00:00+00:00,DE,18,3,260.0,235.0,196.0,275,279.0
2026-09-03 19:00:00+00:00,DE,19,3,275.0,260.0,235.0,279,278.0
2026-09-03 20:00:00+00:00,DE,20,3,279.0,275.0,260.0,278,280.0
2026-09-03 21:00:00+00:00,DE,21,3,278.0,279.0,275.0,280,289.0
2026-09-03 22:00:00+00:00,DE,22,3,280.0,278.0,279.0,289,297.0
2026-09-03 23:00:00+00:00,DE,23,3,289.0,280.0,278.0,297,301.0
2026-09-04 00:00:00+00:00,DE,0,4,297.0,289.0,280.0,301,300.0
2026-09-04 01:00:00+00:00,DE,1,4,301.0,297.0,289.0,300,291.0
2026-09-04 02:00:00+00:00,DE,2,4,300.0,301.0,297.0,291,291.0
2026-09-04 03:00:00+00:00,DE,3,4,291.0,300.0,301.0,291,275.0
2026-09-04 04:00:00+00:00,DE,4,4,291.0,291.0,300.0,275,262.0
2026-09-04 05:00:00+00:00,DE,5,4,275.0,291.0,291.0,262,240.0
2026-09-04 06:00:00+00:00,DE,6,4,262.0,275.0,291.0,240,193.0
2026-09-04 07:00:00+00:00,DE,7,4,240.0,262.0,275.0,193,131.0
2026-09-04 08:00:00+00:00,DE,8,4,193.0,240.0,262.0,131,100.0
2026-09-04 09:00:00+00:00,DE,9,4,131.0,193.0,240.0,100,100.0
2026-09-04 10:00:00+00:00,DE,10,4,100.0,131.0,193.0,100,99.0
2026-09-04 11:00:00+00:00,DE,11,4,100.0,100.0,131.0,99,110.0
2026-09-04 12:00:00+00:00,DE,12,4,99.0,100.0,100.0,110,113.0
2026-09-04 13:00:00+00:00,DE,13,4,110.0,99.0,100.0,113,117.0
2026-09-04 14:00:00+00:00,DE,14,4,113.0,110.0,99.0,117,127.0
2026-09-04 15:00:00+00:00,DE,15,4,117.0,113.0,110.0,127,153.0
2026-09-04 16:00:00+00:00,DE,16,4,127.0,117.0,113.0,153,188.0
2026-09-04 17:00:00+00:00,DE,17,4,153.0,127.0,117.0,188,204.0
2026-09-04 18:00:00+00:00,DE,18,4,188.0,153.0,127.0,204,203.0
2026-09-04 19:00:00+00:00,DE,19,4,204.0,188.0,153.0,203,205.0
2026-09-04 20:00:00+00:00,DE,20,4,203.0,204.0,188.0,205,215.0
2026-09-04 21:00:00+00:00,DE,21,4,205.0,203.0,204.0,215,228.0
2026-09-04 22:00:00+00:00,DE,22,4,215.0,205.0,203.0,228,235.0
2026-09-04 23:00:00+00:00,DE,23,4,228.0,215.0,205.0,235,240.0
2026-09-05 00:00:00+00:00,DE,0,5,235.0,228.0,215.0,240,238.0
2026-09-05 01:00:00+00:00,DE,1,5,240.0,235.0,228.0,238,228.0
2026-09-05 02:00:00+00:00,DE,2,5,238.0,240.0,235.0,228,225.0
2026-09-05 03:00:00+00:00,DE,3,5,228.0,238.0,240.0,225,215.0
2026-09-05 04:00:00+00:00,DE,4,5,225.0,228.0,238.0,215,214.0
2026-09-05 05:00:00+00:00,DE,5,5,215.0,225.0,228.0,214,197.0
2026-09-05 06:00:00+00:00,DE,6,5,214.0,215.0,225.0,197,162.0
2026-09-05 07:00:00+00:00,DE,7,5,197.0,214.0,215.0,162,134.0
2026-09-05 08:00:00+00:00,DE,8,5,162.0,197.0,214.0,134,124.0
2026-09-05 09:00:00+00:00,DE,9,5,134.0,162.0,197.0,124,123.0
2026-09-05 10:00:00+00:00,DE,10,5,124.0,134.0,162.0,123,122.0
2026-09-05 11:00:00+00:00,DE,11,5,123.0,124.0,134.0,122,123.0
2026-09-05 12:00:00+00:00,DE,12,5,122.0,123.0,124.0,123,128.0
2026-09-05 13:00:00+00:00,DE,13,5,123.0,122.0,123.0,128,133.0
2026-09-05 14:00:00+00:00,DE,14,5,128.0,123.0,122.0,133,144.0
2026-09-05 15:00:00+00:00,DE,15,5,133.0,128.0,123.0,144,184.0
2026-09-05 16:00:00+00:00,DE,16,5,144.0,133.0,128.0,184,241.0
2026-09-05 17:00:00+00:00,DE,17,5,184.0,144.0,133.0,241,269.0
2026-09-05 18:00:00+00:00,DE,18,5,241.0,184.0,144.0,269,262.0
2026-09-05 19:00:00+00:00,DE,19,5,269.0,241.0,184.0,262,263.0
2026-08-07 00:00:00+00:00,FR,0,4,35.0,39.0,41.0,31,28.0
2026-08-07 01:00:00+00:00,FR,1,4,31.0,35.0,39.0,28,26.0
2026-08-07 02:00:00+00:00,FR,2,4,28.0,31.0,35.0,26,25.0
2026-08-07 03:00:00+00:00,FR,3,4,26.0,28.0,31.0,25,27.0
2026-08-07 04:00:00+00:00,FR,4,4,25.0,26.0,28.0,27,28.0
2026-08-07 05:00:00+00:00,FR,5,4,27.0,25.0,26.0,28,28.0
2026-08-07 06:00:00+00:00,FR,6,4,28.0,27.0,25.0,28,23.0
2026-08-07 07:00:00+00:00,FR,7,4,28.0,28.0,27.0,23,24.0
2026-08-07 08:00:00+00:00,FR,8,4,23.0,28.0,28.0,24,24.0
2026-08-07 09:00:00+00:00,FR,9,4,24.0,23.0,28.0,24,27.0
2026-08-07 10:00:00+00:00,FR,10,4,24.0,24.0,23.0,27,27.0
2026-08-07 11:00:00+00:00,FR,11,4,27.0,24.0,24.0,27,27.0
2026-08-07 12:00:00+00:00,FR,12,4,27.0,27.0,24.0,27,27.0
2026-08-07 13:00:00+00:00,FR,13,4,27.0,27.0,27.0,27,27.0
2026-08-07 14:00:00+00:00,FR,14,4,27.0,27.0,27.0,27,29.0
2026-08-07 15:00:00+00:00,FR,15,4,27.0,27.0,27.0,29,34.0
2026-08-07 16:00:00+00:00,FR,16,4,29.0,27.0,27.0,34,44.0
2026-08-07 17:00:00+00:00,FR,17,4,34.0,29.0,27.0,44,45.0
2026-08-07 18:00:00+00:00,FR,18,4,44.0,34.0,29.0,45,45.0
2026-08-07 19:00:00+00:00,FR,19,4,45.0,44.0,34.0,45,44.0
2026-08-07 20:00:00+00:00,FR,20,4,45.0,45.0,44.0,44,44.0
2026-08-07 21:00:00+00:00,FR,21,4,44.0,45.0,45.0,44,43.0
2026-08-07 22:00:00+00:00,FR,22,4,44.0,44.0,45.0,43,37.0
2026-08-07 23:00:00+00:00,FR,23,4,43.0,44.0,44.0,37,28.0
2026-08-08 00:00:00+00:00,FR,0,5,37.0,43.0,44.0,28,19.0
2026-08-08 01:00:00+00:00,FR,1,5,28.0,37.0,43.0,19,18.0
2026-08-08 02:00:00+00:00,FR,2,5,19.0,28.0,37.0,18,19.0
2026-08-08 03:00:00+00:00,FR,3,5,18.0,19.0,28.0,19,20.0
2026-08-08 04:00:00+00:00,FR,4,5,19.0,18.0,19.0,20,20.0
2026-08-08 05:00:00+00:00,FR,5,5,20.0,19.0,18.0,20,20.0
2026-08-08 06:00:00+00:00,FR,6,5,20.0,20.0,19.0,20,20.0
2026-08-08 07:00:00+00:00,FR,7,5,20.0,20.0,20.0,20,21.0
2026-08-08 08:00:00+00:00,FR,8,5,20.0,20.0,20.0,21,25.0
2026-08-08 09:00:00+00:00,FR,9,5,21.0,20.0,20.0,25,31.0
2026-08-08 10:00:00+00:00,FR,10,5,25.0,21.0,20.0,31,32.0
2026-08-08 11:00:00+00:00,FR,11,5,31.0,25.0,21.0,32,32.0
2026-08-08 12:00:00+00:00,FR,12,5,32.0,31.0,25.0,32,31.0
2026-08-08 13:00:00+00:00,FR,13,5,32.0,32.0,31.0,31,28.0
2026-08-08 14:00:00+00:00,FR,14,5,31.0,32.0,32.0,28,30.0
2026-08-08 15:00:00+00:00,FR,15,5,28.0,31.0,32.0,30,38.0
2026-08-08 16:00:00+00:00,FR,16,5,30.0,28.0,31.0,38,50.0
2026-08-08 17:00:00+00:00,FR,17,5,38.0,30.0,28.0,50,70.0
2026-08-08 18:00:00+00:00,FR,18,5,50.0,38.0,30.0,70,56.0
2026-08-08 19:00:00+00:00,FR,19,5,70.0,50.0,38.0,56,49.0
2026-08-08 20:00:00+00:00,FR,20,5,56.0,70.0,50.0,49,47.0
2026-08-08 21:00:00+00:00,FR,21,5,49.0,56.0,70.0,47,48.0
2026-08-08 22:00:00+00:00,FR,22,5,47.0,49.0,56.0,48,41.0
2026-08-08 23:00:00+00:00,FR,23,5,48.0,47.0,49.0,41,37.0
2026-08-09 00:00:00+00:00,FR,0,6,41.0,48.0,47.0,37,34.0
2026-08-09 01:00:00+00:00,FR,1,6,37.0,41.0,48.0,34,33.0
2026-08-09 02:00:00+00:00,FR,2,6,34.0,37.0,41.0,33,33.0
2026-08-09 03:00:00+00:00,FR,3,6,33.0,34.0,37.0,33,34.0
2026-08-09 04:00:00+00:00,FR,4,6,33.0,33.0,34.0,34,29.0
2026-08-09 05:00:00+00:00,FR,5,6,34.0,33.0,33.0,29,30.0
2026-08-09 06:00:00+00:00,FR,6,6,29.0,34.0,33.0,30,26.0
2026-08-09 07:00:00+00:00,FR,7,6,30.0,29.0,34.0,26,25.0
2026-08-09 08:00:00+00:00,FR,8,6,26.0,30.0,29.0,25,28.0
2026-08-09 09:00:00+00:00,FR,9,6,25.0,26.0,30.0,28,31.0
2026-08-09 10:00:00+00:00,FR,10,6,28.0,25.0,26.0,31,30.0
2026-08-09 11:00:00+00:00,FR,11,6,31.0,28.0,25.0,30,30.0
2026-08-09 12:00:00+00:00,FR,12,6,30.0,31.0,28.0,30,31.0
2026-08-09 13:00:00+00:00,FR,13,6,30.0,30.0,31.0,31,30.0
2026-08-09 14:00:00+00:00,FR,14,6,31.0,30.0,30.0,30,30.0
2026-08-09 15:00:00+00:00,FR,15,6,30.0,31.0,30.0,30,34.0
2026-08-09 16:00:00+00:00,FR,16,6,30.0,30.0,31.0,34,46.0
2026-08-09 17:00:00+00:00,FR,17,6,34.0,30.0,30.0,46,54.0
2026-08-09 18:00:00+00:00,FR,18,6,46.0,34.0,30.0,54,48.0
2026-08-09 19:00:00+00:00,FR,19,6,54.0,46.0,34.0,48,47.0
2026-08-09 20:00:00+00:00,FR,20,6,48.0,54.0,46.0,47,47.0
2026-08-09 21:00:00+00:00,FR,21,6,47.0,48.0,54.0,47,45.0
2026-08-09 22:00:00+00:00,FR,22,6,47.0,47.0,48.0,45,39.0
2026-08-09 23:00:00+00:00,FR,23,6,45.0,47.0,47.0,39,35.0
2026-08-10 00:00:00+00:00,FR,0,0,39.0,45.0,47.0,35,34.0
2026-08-10 01:00:00+00:00,FR,1,0,35.0,39.0,45.0,34,35.0
2026-08-10 02:00:00+00:00,FR,2,0,34.0,35.0,39.0,35,41.0
2026-08-10 03:00:00+00:00,FR,3,0,35.0,34.0,35.0,41,47.0
2026-08-10 04:00:00+00:00,FR,4,0,41.0,35.0,34.0,47,48.0
2026-08-10 05:00:00+00:00,FR,5,0,47.0,41.0,35.0,48,46.0
2026-08-10 06:00:00+00:00,FR,6,0,48.0,47.0,41.0,46,35.0
2026-08-10 07:00:00+00:00,FR,7,0,46.0,48.0,47.0,35,25.0
2026-08-10 08:00:00+00:00,FR,8,0,35.0,46.0,48.0,25,22.0
2026-08-10 09:00:00+00:00,FR,9,0,25.0,35.0,46.0,22,22.0
2026-08-10 10:00:00+00:00,FR,10,0,22.0,25.0,35.0,22,23.0
2026-08-10 11:00:00+00:00,FR,11,0,22.0,22.0,25.0,23,23.0
2026-08-10 12:00:00+00:00,FR,12,0,23.0,22.0,22.0,23,24.0
2026-08-10 13:00:00+00:00,FR,13,0,23.0,23.0,22.0,24,24.0
2026-08-10 14:00:00+00:00,FR,14,0,24.0,23.0,23.0,24,26.0
2026-08-10 15:00:00+00:00,FR,15,0,24.0,24.0,23.0,26,36.0
2026-08-10 16:00:00+00:00,FR,16,0,26.0,24.0,24.0,36,49.0
2026-08-10 17:00:00+00:00,FR,17,0,36.0,26.0,24.0,49,58.0
2026-08-10 18:00:00+00:00,FR,18,0,49.0,36.0,26.0,58,71.0
2026-08-10 19:00:00+00:00,FR,19,0,58.0,49.0,36.0,71,63.0
2026-08-10 20:00:00+00:00,FR,20,0,71.0,58.0,49.0,63,52.0
2026-08-10 21:00:00+00:00,FR,21,0,63.0,71.0,58.0,52,50.0
2026-08-10 22:00:00+00:00,FR,22,0,52.0,63.0,71.0,50,48.0
2026-08-10 23:00:00+00:00,FR,23,0,50.0,52.0,63.0,48,46.0
2026-08-11 00:00:00+00:00,FR,0,1,48.0,50.0,52.0,46,46.0
2026-08-11 01:00:00+00:00,FR,1,1,46.0,48.0,50.0,46,47.0
2026-08-11 02:00:00+00:00,FR,2,1,46.0,46.0,48.0,47,48.0
2026-08-11 03:00:00+00:00,FR,3,1,47.0,46.0,46.0,48,51.0
2026-08-11 04:00:00+00:00,FR,4,1,48.0,47.0,46.0,51,50.0
2026-08-11 05:00:00+00:00,FR,5,1,51.0,48.0,47.0,50,47.0
2026-08-11 06:00:00+00:00,FR,6,1,50.0,51.0,48.0,47,34.0
2026-08-11 07:00:00+00:00,FR,7,1,47.0,50.0,51.0,34,28.0
2026-08-11 08:00:00+00:00,FR,8,1,34.0,47.0,50.0,28,26.0
2026-08-11 09:00:00+00:00,FR,9,1,28.0,34.0,47.0,26,25.0
2026-08-11 10:00:00+00:00,FR,10,1,26.0,28.0,34.0,25,25.0
2026-08-11 11:00:00+00:00,FR,11,1,25.0,26.0,28.0,25,27.0
2026-08-11 12:00:00+00:00,FR,12,1,25.0,25.0,26.0,27,28.0
2026-08-11 13:00:00+00:00,FR,13,1,27.0,25.0,25.0,28,26.0
2026-08-11 14:00:00+00:00,FR,14,1,28.0,27.0,25.0,26,28.0
2026-08-11 15:00:00+00:00,FR,15,1,26.0,28.0,27.0,28,38.0
2026-08-11 16:00:00+00:00,FR,16,1,28.0,26.0,28.0,38,48.0
2026-08-11 17:00:00+00:00,FR,17,1,38.0,28.0,26.0,48,52.0
2026-08-11 18:00:00+00:00,FR,18,1,48.0,38.0,28.0,52,49.0
2026-08-11 19:00:00+00:00,FR,19,1,52.0,48.0,38.0,49,48.0
2026-08-11 20:00:00+00:00,FR,20,1,49.0,52.0,48.0,48,48.0
2026-08-11 21:00:00+00:00,FR,21,1,48.0,49.0,52.0,48,49.0
2026-08-11 22:00:00+00:00,FR,22,1,48.0,48.0,49.0,49,50.0
2026-08-11 23:00:00+00:00,FR,23,1,49.0,48.0,48.0,50,50.0
2026-08-12 00:00:00+00:00,FR,0,2,50.0,49.0,48.0,50,50.0
2026-08-12 01:00:00+00:00,FR,1,2,50.0,50.0,49.0,50,50.0
2026-08-12 02:00:00+00:00,FR,2,2,50.0,50.0,50.0,50,50.0
2026-08-12 03:00:00+00:00,FR,3,2,50.0,50.0,50.0,50,52.0
2026-08-12 04:00:00+00:00,FR,4,2,50.0,50.0,50.0,52,51.0
2026-08-12 05:00:00+00:00,FR,5,2,52.0,50.0,50.0,51,48.0
2026-08-12 06:00:00+00:00,FR,6,2,51.0,52.0,50.0,48,34.0
2026-08-12 07:00:00+00:00,FR,7,2,48.0,51.0,52.0,34,28.0
2026-08-12 08:00:00+00:00,FR,8,2,34.0,48.0,51.0,28,26.0
2026-08-12 09:00:00+00:00,FR,9,2,28.0,34.0,48.0,26,26.0
2026-08-12 10:00:00+00:00,FR,10,2,26.0,28.0,34.0,26,27.0
2026-08-12 11:00:00+00:00,FR,11,2,26.0,26.0,28.0,27,27.0
2026-08-12 12:00:00+00:00,FR,12,2,27.0,26.0,26.0,27,27.0
2026-08-12 13:00:00+00:00,FR,13,2,27.0,27.0,26.0,27,29.0
2026-08-12 14:00:00+00:00,FR,14,2,27.0,27.0,27.0,29,32.0
2026-08-12 15:00:00+00:00,FR,15,2,29.0,27.0,27.0,32,44.0
2026-08-12 16:00:00+00:00,FR,16,2,32.0,29.0,27.0,44,54.0
2026-08-12 17:00:00+00:00,FR,17,2,44.0,32.0,29.0,54,52.0
2026-08-12 18:00:00+00:00,FR,18,2,54.0,44.0,32.0,52,53.0
2026-08-12 19:00:00+00:00,FR,19,2,52.0,54.0,44.0,53,51.0
2026-08-12 20:00:00+00:00,FR,20,2,53.0,52.0,54.0,51,52.0
2026-08-12 21:00:00+00:00,FR,21,2,51.0,53.0,52.0,52,52.0
2026-08-12 22:00:00+00:00,FR,22,2,52.0,51.0,53.0,52,51.0
2026-08-12 23:00:00+00:00,FR,23,2,52.0,52.0,51.0,51,51.0
2026-08-13 00:00:00+00:00,FR,0,3,51.0,52.0,52.0,51,47.0
2026-08-13 01:00:00+00:00,FR,1,3,51.0,51.0,52.0,47,45.0
2026-08-13 02:00:00+00:00,FR,2,3,47.0,51.0,51.0,45,49.0
2026-08-13 03:00:00+00:00,FR,3,3,45.0,47.0,51.0,49,50.0
2026-08-13 04:00:00+00:00,FR,4,3,49.0,45.0,47.0,50,51.0
2026-08-13 05:00:00+00:00,FR,5,3,50.0,49.0,45.0,51,52.0
2026-08-13 06:00:00+00:00,FR,6,3,51.0,50.0,49.0,52,43.0
2026-08-13 07:00:00+00:00,FR,7,3,52.0,51.0,50.0,43,33.0
2026-08-13 08:00:00+00:00,FR,8,3,43.0,52.0,51.0,33,27.0
2026-08-13 09:00:00+00:00,FR,9,3,33.0,43.0,52.0,27,28.0
2026-08-13 10:00:00+00:00,FR,10,3,27.0,33.0,43.0,28,28.0
2026-08-13 11:00:00+00:00,FR,11,3,28.0,27.0,33.0,28,28.0
2026-08-13 12:00:00+00:00,FR,12,3,28.0,28.0,27.0,28,29.0
2026-08-13 13:00:00+00:00,FR,13,3,28.0,28.0,28.0,29,31.0
2026-08-13 14:00:00+00:00,FR,14,3,29.0,28.0,28.0,31,37.0
2026-08-13 15:00:00+00:00,FR,15,3,31.0,29.0,28.0,37,46.0
2026-08-13 16:00:00+00:00,FR,16,3,37.0,31.0,29.0,46,52.0
2026-08-13 17:00:00+00:00,FR,17,3,46.0,37.0,31.0,52,68.0
2026-08-13 18:00:00+00:00,FR,18,3,52.0,46.0,37.0,68,66.0
2026-08-13 19:00:00+00:00,FR,19,3,68.0,52.0,46.0,66,64.0
2026-08-13 20:00:00+00:00,FR,20,3,66.0,68.0,52.0,64,62.0
2026-08-13 21:00:00+00:00,FR,21,3,64.0,66.0,68.0,62,59.0
2026-08-13 22:00:00+00:00,FR,22,3,62.0,64.0,66.0,59,60.0
2026-08-13 23:00:00+00:00,FR,23,3,59.0,62.0,64.0,60,56.0
2026-08-14 00:00:00+00:00,FR,0,4,60.0,59.0,62.0,56,52.0
2026-08-14 01:00:00+00:00,FR,1,4,56.0,60.0,59.0,52,50.0
2026-08-14 02:00:00+00:00,FR,2,4,52.0,56.0,60.0,50,52.0
2026-08-14 03:00:00+00:00,FR,3,4,50.0,52.0,56.0,52,53.0
2026-08-14 04:00:00+00:00,FR,4,4,52.0,50.0,52.0,53,53.0
2026-08-14 05:00:00+00:00,FR,5,4,53.0,52.0,50.0,53,52.0
2026-08-14 06:00:00+00:00,FR,6,4,53.0,53.0,52.0,52,47.0
2026-08-14 07:00:00+00:00,FR,7,4,52.0,53.0,53.0,47,37.0
2026-08-14 08:00:00+00:00,FR,8,4,47.0,52.0,53.0,37,33.0
2026-08-14 09:00:00+00:00,FR,9,4,37.0,47.0,52.0,33,30.0
2026-08-14 10:00:00+00:00,FR,10,4,33.0,37.0,47.0,30,29.0
2026-08-14 11:00:00+00:00,FR,11,4,30.0,33.0,37.0,29,30.0
2026-08-14 12:00:00+00:00,FR,12,4,29.0,30.0,33.0,30,31.0
2026-08-14 13:00:00+00:00,FR,13,4,30.0,29.0,30.0,31,32.0
2026-08-14 14:00:00+00:00,FR,14,4,31.0,30.0,29.0,32,37.0
2026-08-14 15:00:00+00:00,FR,15,4,32.0,31.0,30.0,37,58.0
2026-08-14 16:00:00+00:00,FR,16,4,37.0,32.0,31.0,58,74.0
2026-08-14 17:00:00+00:00,FR,17,4,58.0,37.0,32.0,74,74.0
2026-08-14 18:00:00+00:00,FR,18,4,74.0,58.0,37.0,74,72.0
2026-08-14 19:00:00+00:00,FR,19,4,74.0,74.0,58.0,72,71.0
2026-08-14 20:00:00+00:00,FR,20,4,72.0,74.0,74.0,71,76.0
2026-08-14 21:00:00+00:00,FR,21,4,71.0,72.0,74.0,76,80.0
2026-08-14 22:00:00+00:00,FR,22,4,76.0,71.0,72.0,80,69.0
2026-08-14 23:00:00+00:00,FR,23,4,80.0,76.0,71.0,69,59.0
2026-08-15 00:00:00+00:00,FR,0,5,69.0,80.0,76.0,59,53.0
2026-08-15 01:00:00+00:00,FR,1,5,59.0,69.0,80.0,53,45.0
2026-08-15 02:00:00+00:00,FR,2,5,53.0,59.0,69.0,45,44.0
2026-08-15 03:00:00+00:00,FR,3,5,45.0,53.0,59.0,44,45.0
2026-08-15 04:00:00+00:00,FR,4,5,44.0,45.0,53.0,45,35.0
2026-08-15 05:00:00+00:00,FR,5,5,45.0,44.0,45.0,35,36.0
2026-08-15 06:00:00+00:00,FR,6,5,35.0,45.0,44.0,36,35.0
2026-08-15 07:00:00+00:00,FR,7,5,36.0,35.0,45.0,35,33.0
2026-08-15 08:00:00+00:00,FR,8,5,35.0,36.0,35.0,33,30.0
2026-08-15 09:00:00+00:00,FR,9,5,33.0,35.0,36.0,30,32.0
2026-08-15 10:00:00+00:00,FR,10,5,30.0,33.0,35.0,32,31.0
2026-08-15 11:00:00+00:00,FR,11,5,32.0,30.0,33.0,31,31.0
2026-08-15 12:00:00+00:00,FR,12,5,31.0,32.0,30.0,31,32.0
2026-08-15 13:00:00+00:00,FR,13,5,31.0,31.0,32.0,32,34.0
2026-08-15 14:00:00+00:00,FR,14,5,32.0,31.0,31.0,34,38.0
2026-08-15 15:00:00+00:00,FR,15,5,34.0,32.0,31.0,38,53.0
2026-08-15 16:00:00+00:00,FR,16,5,38.0,34.0,32.0,53,58.0
2026-08-15 17:00:00+00:00,FR,17,5,53.0,38.0,34.0,58,56.0
2026-08-15 18:00:00+00:00,FR,18,5,58.0,53.0,38.0,56,53.0
2026-08-15 19:00:00+00:00,FR,19,5,56.0,58.0,53.0,53,53.0
2026-08-15 20:00:00+00:00,FR,20,5,53.0,56.0,58.0,53,51.0
2026-08-15 21:00:00+00:00,FR,21,5,53.0,53.0,56.0,51,51.0
2026-08-15 21:00:00+00:00,FR,21,5,51.0,53.0,53.0,51,53.0
2026-08-15 22:00:00+00:00,FR,22,5,51.0,51.0,53.0,53,55.0
2026-08-15 23:00:00+00:00,FR,23,5,53.0,51.0,51.0,55,52.0
2026-08-16 00:00:00+00:00,FR,0,6,55.0,53.0,51.0,52,44.0
2026-08-16 01:00:00+00:00,FR,1,6,52.0,55.0,53.0,44,44.0
2026-08-16 02:00:00+00:00,FR,2,6,44.0,52.0,55.0,44,44.0
2026-08-16 03:00:00+00:00,FR,3,6,44.0,44.0,52.0,44,44.0
2026-08-16 04:00:00+00:00,FR,4,6,44.0,44.0,44.0,44,41.0
2026-08-16 05:00:00+00:00,FR,5,6,44.0,44.0,44.0,41,41.0
2026-08-16 06:00:00+00:00,FR,6,6,41.0,44.0,44.0,41,35.0
2026-08-16 07:00:00+00:00,FR,7,6,41.0,41.0,44.0,35,28.0
2026-08-16 08:00:00+00:00,FR,8,6,35.0,41.0,41.0,28,26.0
2026-08-16 09:00:00+00:00,FR,9,6,28.0,35.0,41.0,26,28.0
2026-08-16 10:00:00+00:00,FR,10,6,26.0,28.0,35.0,28,27.0
2026-08-16 11:00:00+00:00,FR,11,6,28.0,26.0,28.0,27,28.0
2026-08-16 12:00:00+00:00,FR,12,6,27.0,28.0,26.0,28,27.0
2026-08-16 13:00:00+00:00,FR,13,6,28.0,27.0,28.0,27,27.0
2026-08-16 14:00:00+00:00,FR,14,6,27.0,28.0,27.0,27,31.0
2026-08-16 15:00:00+00:00,FR,15,6,27.0,27.0,28.0,31,46.0
2026-08-16 16:00:00+00:00,FR,16,6,31.0,27.0,27.0,46,53.0
2026-08-16 17:00:00+00:00,FR,17,6,46.0,31.0,27.0,53,54.0
2026-08-16 18:00:00+00:00,FR,18,6,53.0,46.0,31.0,54,52.0
2026-08-16 19:00:00+00:00,FR,19,6,54.0,53.0,46.0,52,53.0
2026-08-16 20:00:00+00:00,FR,20,6,52.0,54.0,53.0,53,55.0
2026-08-16 21:00:00+00:00,FR,21,6,53.0,52.0,54.0,55,59.0
2026-08-16 22:00:00+00:00,FR,22,6,55.0,53.0,52.0,59,59.0
2026-08-16 23:00:00+00:00,FR,23,6,59.0,55.0,53.0,59,59.0
2026-08-17 00:00:00+00:00,FR,0,0,59.0,59.0,55.0,59,59.0
2026-08-17 01:00:00+00:00,FR,1,0,59.0,59.0,59.0,59,59.0
2026-08-17 02:00:00+00:00,FR,2,0,59.0,59.0,59.0,59,63.0
2026-08-17 03:00:00+00:00,FR,3,0,59.0,59.0,59.0,63,66.0
2026-08-17 04:00:00+00:00,FR,4,0,63.0,59.0,59.0,66,63.0
2026-08-17 05:00:00+00:00,FR,5,0,66.0,63.0,59.0,63,61.0
2026-08-17 06:00:00+00:00,FR,6,0,63.0,66.0,63.0,61,58.0
2026-08-17 07:00:00+00:00,FR,7,0,61.0,63.0,66.0,58,55.0
2026-08-17 08:00:00+00:00,FR,8,0,58.0,61.0,63.0,55,50.0
2026-08-17 09:00:00+00:00,FR,9,0,55.0,58.0,61.0,50,48.0
2026-08-17 10:00:00+00:00,FR,10,0,50.0,55.0,58.0,48,47.0
2026-08-17 11:00:00+00:00,FR,11,0,48.0,50.0,55.0,47,47.0
2026-08-17 12:00:00+00:00,FR,12,0,47.0,48.0,50.0,47,51.0
2026-08-17 13:00:00+00:00,FR,13,0,47.0,47.0,48.0,51,57.0
2026-08-17 14:00:00+00:00,FR,14,0,51.0,47.0,47.0,57,58.0
2026-08-17 15:00:00+00:00,FR,15,0,57.0,51.0,47.0,58,52.0
2026-08-17 16:00:00+00:00,FR,16,0,58.0,57.0,51.0,52,52.0
2026-08-17 17:00:00+00:00,FR,17,0,52.0,58.0,57.0,52,55.0
2026-08-17 18:00:00+00:00,FR,18,0,52.0,52.0,58.0,55,55.0
2026-08-17 19:00:00+00:00,FR,19,0,55.0,52.0,52.0,55,55.0
2026-08-17 20:00:00+00:00,FR,20,0,55.0,55.0,52.0,55,57.0
2026-08-17 21:00:00+00:00,FR,21,0,55.0,55.0,55.0,57,59.0
2026-08-17 22:00:00+00:00,FR,22,0,57.0,55.0,55.0,59,55.0
2026-08-17 23:00:00+00:00,FR,23,0,59.0,57.0,55.0,55,55.0
2026-08-18 00:00:00+00:00,FR,0,1,55.0,59.0,57.0,55,55.0
2026-08-18 01:00:00+00:00,FR,1,1,55.0,55.0,59.0,55,57.0
2026-08-18 02:00:00+00:00,FR,2,1,55.0,55.0,55.0,57,60.0
2026-08-18 03:00:00+00:00,FR,3,1,57.0,55.0,55.0,60,60.0
2026-08-18 04:00:00+00:00,FR,4,1,60.0,57.0,55.0,60,55.0
2026-08-18 05:00:00+00:00,FR,5,1,60.0,60.0,57.0,55,51.0
2026-08-18 06:00:00+00:00,FR,6,1,55.0,60.0,60.0,51,50.0
2026-08-18 07:00:00+00:00,FR,7,1,51.0,55.0,60.0,50,30.0
2026-08-18 08:00:00+00:00,FR,8,1,50.0,51.0,55.0,30,23.0
2026-08-18 09:00:00+00:00,FR,9,1,30.0,50.0,51.0,23,24.0
2026-08-18 10:00:00+00:00,FR,10,1,23.0,30.0,50.0,24,24.0
2026-08-18 11:00:00+00:00,FR,11,1,24.0,23.0,30.0,24,25.0
2026-08-18 12:00:00+00:00,FR,12,1,24.0,24.0,23.0,25,25.0
2026-08-18 13:00:00+00:00,FR,13,1,25.0,24.0,24.0,25,27.0
2026-08-18 14:00:00+00:00,FR,14,1,25.0,25.0,24.0,27,28.0
2026-08-18 15:00:00+00:00,FR,15,1,27.0,25.0,25.0,28,49.0
2026-08-18 16:00:00+00:00,FR,16,1,28.0,27.0,25.0,49,61.0
2026-08-18 17:00:00+00:00,FR,17,1,49.0,28.0,27.0,61,64.0
2026-08-18 18:00:00+00:00,FR,18,1,61.0,49.0,28.0,64,65.0
2026-08-18 19:00:00+00:00,FR,19,1,64.0,61.0,49.0,65,67.0
2026-08-18 20:00:00+00:00,FR,20,1,65.0,64.0,61.0,67,64.0
2026-08-18 21:00:00+00:00,FR,21,1,67.0,65.0,64.0,64,62.0
2026-08-18 22:00:00+00:00,FR,22,1,64.0,67.0,65.0,62,61.0
2026-08-18 23:00:00+00:00,FR,23,1,62.0,64.0,67.0,61,56.0
2026-08-19 00:00:00+00:00,FR,0,2,61.0,62.0,64.0,56,54.0
2026-08-19 01:00:00+00:00,FR,1,2,56.0,61.0,62.0,54,56.0
2026-08-19 02:00:00+00:00,FR,2,2,54.0,56.0,61.0,56,59.0
2026-08-19 03:00:00+00:00,FR,3,2,56.0,54.0,56.0,59,68.0
2026-08-19 04:00:00+00:00,FR,4,2,59.0,56.0,54.0,68,65.0
2026-08-19 05:00:00+00:00,FR,5,2,68.0,59.0,56.0,65,60.0
2026-08-19 06:00:00+00:00,FR,6,2,65.0,68.0,59.0,60,56.0
2026-08-19 07:00:00+00:00,FR,7,2,60.0,65.0,68.0,56,32.0
2026-08-19 08:00:00+00:00,FR,8,2,56.0,60.0,65.0,32,23.0
2026-08-19 09:00:00+00:00,FR,9,2,32.0,56.0,60.0,23,22.0
2026-08-19 10:00:00+00:00,FR,10,2,23.0,32.0,56.0,22,21.0
2026-08-19 11:00:00+00:00,FR,11,2,22.0,23.0,32.0,21,22.0
2026-08-19 12:00:00+00:00,FR,12,2,21.0,22.0,23.0,22,23.0
2026-08-19 13:00:00+00:00,FR,13,2,22.0,21.0,22.0,23,25.0
2026-08-19 14:00:00+00:00,FR,14,2,23.0,22.0,21.0,25,30.0
2026-08-19 15:00:00+00:00,FR,15,2,25.0,23.0,22.0,30,47.0
2026-08-19 16:00:00+00:00,FR,16,2,30.0,25.0,23.0,47,59.0
2026-08-19 17:00:00+00:00,FR,17,2,47.0,30.0,25.0,59,64.0
2026-08-19 18:00:00+00:00,FR,18,2,59.0,47.0,30.0,64,57.0
2026-08-19 19:00:00+00:00,FR,19,2,64.0,59.0,47.0,57,56.0
2026-08-19 20:00:00+00:00,FR,20,2,57.0,64.0,59.0,56,56.0
2026-08-19 21:00:00+00:00,FR,21,2,56.0,57.0,64.0,56,56.0
2026-08-19 22:00:00+00:00,FR,22,2,56.0,56.0,57.0,56,57.0
2026-08-19 23:00:00+00:00,FR,23,2,56.0,56.0,56.0,57,53.0
2026-08-20 00:00:00+00:00,FR,0,3,57.0,56.0,56.0,53,52.0
2026-08-20 01:00:00+00:00,FR,1,3,53.0,57.0,56.0,52,52.0
2026-08-20 02:00:00+00:00,FR,2,3,52.0,53.0,57.0,52,52.0
2026-08-20 03:00:00+00:00,FR,3,3,52.0,52.0,53.0,52,56.0
2026-08-20 04:00:00+00:00,FR,4,3,52.0,52.0,52.0,56,56.0
2026-08-20 05:00:00+00:00,FR,5,3,56.0,52.0,52.0,56,54.0
2026-08-20 06:00:00+00:00,FR,6,3,56.0,56.0,52.0,54,42.0
2026-08-20 07:00:00+00:00,FR,7,3,54.0,56.0,56.0,42,23.0
2026-08-20 08:00:00+00:00,FR,8,3,42.0,54.0,56.0,23,22.0
2026-08-20 09:00:00+00:00,FR,9,3,23.0,42.0,54.0,22,23.0
2026-08-20 10:00:00+00:00,FR,10,3,22.0,23.0,42.0,23,20.0
2026-08-20 11:00:00+00:00,FR,11,3,23.0,22.0,23.0,20,20.0
2026-08-20 12:00:00+00:00,FR,12,3,20.0,23.0,22.0,20,20.0
2026-08-20 13:00:00+00:00,FR,13,3,20.0,20.0,23.0,20,23.0
2026-08-20 14:00:00+00:00,FR,14,3,20.0,20.0,20.0,23,24.0
2026-08-20 15:00:00+00:00,FR,15,3,23.0,20.0,20.0,24,34.0
2026-08-20 16:00:00+00:00,FR,16,3,24.0,23.0,20.0,34,49.0
2026-08-20 17:00:00+00:00,FR,17,3,34.0,24.0,23.0,49,53.0
2026-08-20 18:00:00+00:00,FR,18,3,49.0,34.0,24.0,53,54.0
2026-08-20 19:00:00+00:00,FR,19,3,53.0,49.0,34.0,54,54.0
2026-08-20 20:00:00+00:00,FR,20,3,54.0,53.0,49.0,54,53.0
2026-08-20 21:00:00+00:00,FR,21,3,54.0,54.0,53.0,53,53.0
2026-08-20 22:00:00+00:00,FR,22,3,53.0,54.0,54.0,53,51.0
2026-08-20 23:00:00+00:00,FR,23,3,53.0,53.0,54.0,51,43.0
2026-08-21 00:00:00+00:00,FR,0,4,51.0,53.0,53.0,43,39.0
2026-08-21 01:00:00+00:00,FR,1,4,43.0,51.0,53.0,39,39.0
2026-08-21 02:00:00+00:00,FR,2,4,39.0,43.0,51.0,39,39.0
2026-08-21 03:00:00+00:00,FR,3,4,39.0,39.0,43.0,39,45.0
2026-08-21 04:00:00+00:00,FR,4,4,39.0,39.0,39.0,45,52.0
2026-08-21 05:00:00+00:00,FR,5,4,45.0,39.0,39.0,52,52.0
2026-08-21 06:00:00+00:00,FR,6,4,52.0,45.0,39.0,52,50.0
2026-08-21 07:00:00+00:00,FR,7,4,52.0,52.0,45.0,50,35.0
2026-08-21 08:00:00+00:00,FR,8,4,50.0,52.0,52.0,35,21.0
2026-08-21 09:00:00+00:00,FR,9,4,35.0,50.0,52.0,21,21.0
2026-08-21 10:00:00+00:00,FR,10,4,21.0,35.0,50.0,21,29.0
2026-08-21 11:00:00+00:00,FR,11,4,21.0,21.0,35.0,29,36.0
2026-08-21 12:00:00+00:00,FR,12,4,29.0,21.0,21.0,36,38.0
2026-08-21 13:00:00+00:00,FR,13,4,36.0,29.0,21.0,38,39.0
2026-08-21 14:00:00+00:00,FR,14,4,38.0,36.0,29.0,39,41.0
2026-08-21 15:00:00+00:00,FR,15,4,39.0,38.0,36.0,41,49.0
2026-08-21 16:00:00+00:00,FR,16,4,41.0,39.0,38.0,49,57.0
2026-08-21 17:00:00+00:00,FR,17,4,49.0,41.0,39.0,57,51.0
2026-08-21 18:00:00+00:00,FR,18,4,57.0,49.0,41.0,51,43.0
2026-08-21 19:00:00+00:00,FR,19,4,51.0,57.0,49.0,43,43.0
2026-08-21 20:00:00+00:00,FR,20,4,43.0,51.0,57.0,43,40.0
2026-08-21 21:00:00+00:00,FR,21,4,43.0,43.0,51.0,40,37.0
2026-08-21 22:00:00+00:00,FR,22,4,40.0,43.0,43.0,37,34.0
2026-08-21 23:00:00+00:00,FR,23,4,37.0,40.0,43.0,34,26.0
2026-08-22 00:00:00+00:00,FR,0,5,34.0,37.0,40.0,26,17.0
2026-08-22 01:00:00+00:00,FR,1,5,26.0,34.0,37.0,17,17.0
2026-08-22 02:00:00+00:00,FR,2,5,17.0,26.0,34.0,17,17.0
2026-08-22 03:00:00+00:00,FR,3,5,17.0,17.0,26.0,17,18.0
2026-08-22 04:00:00+00:00,FR,4,5,17.0,17.0,17.0,18,17.0
2026-08-22 05:00:00+00:00,FR,5,5,18.0,17.0,17.0,17,18.0
2026-08-22 06:00:00+00:00,FR,6,5,17.0,18.0,17.0,18,20.0
2026-08-22 07:00:00+00:00,FR,7,5,18.0,17.0,18.0,20,22.0
2026-08-22 08:00:00+00:00,FR,8,5,20.0,18.0,17.0,22,22.0
2026-08-22 09:00:00+00:00,FR,9,5,22.0,20.0,18.0,22,23.0
2026-08-22 10:00:00+00:00,FR,10,5,22.0,22.0,20.0,23,23.0
2026-08-22 11:00:00+00:00,FR,11,5,23.0,22.0,22.0,23,22.0
2026-08-22 12:00:00+00:00,FR,12,5,23.0,23.0,22.0,22,20.0
2026-08-22 13:00:00+00:00,FR,13,5,22.0,23.0,23.0,20,21.0
2026-08-22 14:00:00+00:00,FR,14,5,20.0,22.0,23.0,21,21.0
2026-08-22 15:00:00+00:00,FR,15,5,21.0,20.0,22.0,21,22.0
2026-08-22 16:00:00+00:00,FR,16,5,21.0,21.0,20.0,22,23.0
2026-08-22 17:00:00+00:00,FR,17,5,22.0,21.0,21.0,23,25.0
2026-08-22 18:00:00+00:00,FR,18,5,23.0,22.0,21.0,25,22.0
2026-08-22 19:00:00+00:00,FR,19,5,25.0,23.0,22.0,22,24.0
2026-08-22 20:00:00+00:00,FR,20,5,22.0,25.0,23.0,24,23.0
2026-08-22 21:00:00+00:00,FR,21,5,24.0,22.0,25.0,23,22.0
2026-08-22 22:00:00+00:00,FR,22,5,23.0,24.0,22.0,22,17.0
2026-08-22 23:00:00+00:00,FR,23,5,22.0,23.0,24.0,17,15.0
2026-08-23 00:00:00+00:00,FR,0,6,17.0,22.0,23.0,15,15.0
2026-08-23 01:00:00+00:00,FR,1,6,15.0,17.0,22.0,15,15.0
2026-08-23 02:00:00+00:00,FR,2,6,15.0,15.0,17.0,15,15.0
2026-08-23 03:00:00+00:00,FR,3,6,15.0,15.0,15.0,15,15.0
2026-08-23 04:00:00+00:00,FR,4,6,15.0,15.0,15.0,15,15.0
2026-08-23 05:00:00+00:00,FR,5,6,15.0,15.0,15.0,15,16.0
2026-08-23 06:00:00+00:00,FR,6,6,15.0,15.0,15.0,16,18.0
2026-08-23 07:00:00+00:00,FR,7,6,16.0,15.0,15.0,18,19.0
2026-08-23 08:00:00+00:00,FR,8,6,18.0,16.0,15.0,19,20.0
2026-08-23 09:00:00+00:00,FR,9,6,19.0,18.0,16.0,20,21.0
2026-08-23 10:00:00+00:00,FR,10,6,20.0,19.0,18.0,21,22.0
2026-08-23 11:00:00+00:00,FR,11,6,21.0,20.0,19.0,22,22.0
2026-08-23 12:00:00+00:00,FR,12,6,22.0,21.0,20.0,22,21.0
2026-08-23 13:00:00+00:00,FR,13,6,22.0,22.0,21.0,21,20.0
2026-08-23 14:00:00+00:00,FR,14,6,21.0,22.0,22.0,20,35.0
2026-08-23 15:00:00+00:00,FR,15,6,20.0,21.0,22.0,35,39.0
2026-08-23 16:00:00+00:00,FR,16,6,35.0,20.0,21.0,39,42.0
2026-08-23 17:00:00+00:00,FR,17,6,39.0,35.0,20.0,42,44.0
2026-08-23 18:00:00+00:00,FR,18,6,42.0,39.0,35.0,44,39.0
2026-08-23 19:00:00+00:00,FR,19,6,44.0,42.0,39.0,39,36.0
2026-08-23 20:00:00+00:00,FR,20,6,39.0,44.0,42.0,36,31.0
2026-08-23 21:00:00+00:00,FR,21,6,36.0,39.0,44.0,31,20.0
2026-08-23 22:00:00+00:00,FR,22,6,31.0,36.0,39.0,20,17.0
2026-08-23 23:00:00+00:00,FR,23,6,20.0,31.0,36.0,17,15.0
2026-08-24 00:00:00+00:00,FR,0,0,17.0,20.0,31.0,15,15.0
2026-08-24 01:00:00+00:00,FR,1,0,15.0,17.0,20.0,15,15.0
2026-08-24 02:00:00+00:00,FR,2,0,15.0,15.0,17.0,15,15.0
2026-08-24 03:00:00+00:00,FR,3,0,15.0,15.0,15.0,15,15.0
2026-08-24 04:00:00+00:00,FR,4,0,15.0,15.0,15.0,15,17.0
2026-08-24 05:00:00+00:00,FR,5,0,15.0,15.0,15.0,17,21.0
2026-08-24 06:00:00+00:00,FR,6,0,17.0,15.0,15.0,21,19.0
2026-08-24 07:00:00+00:00,FR,7,0,21.0,17.0,15.0,19,20.0
2026-08-24 08:00:00+00:00,FR,8,0,19.0,21.0,17.0,20,20.0
2026-08-24 09:00:00+00:00,FR,9,0,20.0,19.0,21.0,20,22.0
2026-08-24 10:00:00+00:00,FR,10,0,20.0,20.0,19.0,22,24.0
2026-08-24 11:00:00+00:00,FR,11,0,22.0,20.0,20.0,24,24.0
2026-08-24 12:00:00+00:00,FR,12,0,24.0,22.0,20.0,24,24.0
2026-08-24 13:00:00+00:00,FR,13,0,24.0,24.0,22.0,24,25.0
2026-08-24 14:00:00+00:00,FR,14,0,24.0,24.0,24.0,25,24.0
2026-08-24 15:00:00+00:00,FR,15,0,25.0,24.0,24.0,24,35.0
2026-08-24 16:00:00+00:00,FR,16,0,24.0,25.0,24.0,35,50.0
2026-08-24 17:00:00+00:00,FR,17,0,35.0,24.0,25.0,50,42.0
2026-08-24 18:00:00+00:00,FR,18,0,50.0,35.0,24.0,42,41.0
2026-08-24 19:00:00+00:00,FR,19,0,42.0,50.0,35.0,41,41.0
2026-08-24 20:00:00+00:00,FR,20,0,41.0,42.0,50.0,41,33.0
2026-08-24 21:00:00+00:00,FR,21,0,41.0,41.0,42.0,33,33.0
2026-08-24 21:00:00+00:00,FR,21,0,33.0,41.0,41.0,33,28.0
2026-08-24 22:00:00+00:00,FR,22,0,33.0,33.0,41.0,28,19.0
2026-08-24 23:00:00+00:00,FR,23,0,28.0,33.0,33.0,19,19.0
2026-08-25 00:00:00+00:00,FR,0,1,19.0,28.0,33.0,19,19.0
2026-08-25 01:00:00+00:00,FR,1,1,19.0,19.0,28.0,19,19.0
2026-08-25 02:00:00+00:00,FR,2,1,19.0,19.0,19.0,19,22.0
2026-08-25 03:00:00+00:00,FR,3,1,19.0,19.0,19.0,22,34.0
2026-08-25 04:00:00+00:00,FR,4,1,22.0,19.0,19.0,34,36.0
2026-08-25 05:00:00+00:00,FR,5,1,34.0,22.0,19.0,36,32.0
2026-08-25 06:00:00+00:00,FR,6,1,36.0,34.0,22.0,32,31.0
2026-08-25 07:00:00+00:00,FR,7,1,32.0,36.0,34.0,31,24.0
2026-08-25 08:00:00+00:00,FR,8,1,31.0,32.0,36.0,24,24.0
2026-08-25 09:00:00+00:00,FR,9,1,24.0,31.0,32.0,24,23.0
2026-08-25 10:00:00+00:00,FR,10,1,24.0,24.0,31.0,23,23.0
2026-08-25 11:00:00+00:00,FR,11,1,23.0,24.0,24.0,23,23.0
2026-08-25 12:00:00+00:00,FR,12,1,23.0,23.0,24.0,23,24.0
2026-08-25 13:00:00+00:00,FR,13,1,23.0,23.0,23.0,24,26.0
2026-08-25 14:00:00+00:00,FR,14,1,24.0,23.0,23.0,26,30.0
2026-08-25 15:00:00+00:00,FR,15,1,26.0,24.0,23.0,30,54.0
2026-08-25 16:00:00+00:00,FR,16,1,30.0,26.0,24.0,54,61.0
2026-08-25 17:00:00+00:00,FR,17,1,54.0,30.0,26.0,61,64.0
2026-08-25 18:00:00+00:00,FR,18,1,61.0,54.0,30.0,64,66.0
2026-08-25 19:00:00+00:00,FR,19,1,64.0,61.0,54.0,66,59.0
2026-08-25 20:00:00+00:00,FR,20,1,66.0,64.0,61.0,59,54.0
2026-08-25 21:00:00+00:00,FR,21,1,59.0,66.0,64.0,54,50.0
2026-08-25 22:00:00+00:00,FR,22,1,54.0,59.0,66.0,50,42.0
2026-08-25 23:00:00+00:00,FR,23,1,50.0,54.0,59.0,42,41.0
2026-08-26 00:00:00+00:00,FR,0,2,42.0,50.0,54.0,41,41.0
2026-08-26 01:00:00+00:00,FR,1,2,41.0,42.0,50.0,41,42.0
2026-08-26 02:00:00+00:00,FR,2,2,41.0,41.0,42.0,42,44.0
2026-08-26 03:00:00+00:00,FR,3,2,42.0,41.0,41.0,44,51.0
2026-08-26 04:00:00+00:00,FR,4,2,44.0,42.0,41.0,51,50.0
2026-08-26 05:00:00+00:00,FR,5,2,51.0,44.0,42.0,50,48.0
2026-08-26 06:00:00+00:00,FR,6,2,50.0,51.0,44.0,48,44.0
2026-08-26 07:00:00+00:00,FR,7,2,48.0,50.0,51.0,44,37.0
2026-08-26 08:00:00+00:00,FR,8,2,44.0,48.0,50.0,37,38.0
2026-08-26 09:00:00+00:00,FR,9,2,37.0,44.0,48.0,38,34.0
2026-08-26 10:00:00+00:00,FR,10,2,38.0,37.0,44.0,34,29.0
2026-08-26 11:00:00+00:00,FR,11,2,34.0,38.0,37.0,29,30.0
2026-08-26 12:00:00+00:00,FR,12,2,29.0,34.0,38.0,30,29.0
2026-08-26 13:00:00+00:00,FR,13,2,30.0,29.0,34.0,29,30.0
2026-08-26 14:00:00+00:00,FR,14,2,29.0,30.0,29.0,30,30.0
2026-08-26 15:00:00+00:00,FR,15,2,30.0,29.0,30.0,30,44.0
2026-08-26 16:00:00+00:00,FR,16,2,30.0,30.0,29.0,44,52.0
2026-08-26 17:00:00+00:00,FR,17,2,44.0,30.0,30.0,52,60.0
2026-08-26 18:00:00+00:00,FR,18,2,52.0,44.0,30.0,60,64.0
2026-08-26 19:00:00+00:00,FR,19,2,60.0,52.0,44.0,64,59.0
2026-08-26 20:00:00+00:00,FR,20,2,64.0,60.0,52.0,59,47.0
2026-08-26 21:00:00+00:00,FR,21,2,59.0,64.0,60.0,47,41.0
2026-08-26 22:00:00+00:00,FR,22,2,47.0,59.0,64.0,41,30.0
2026-08-26 23:00:00+00:00,FR,23,2,41.0,47.0,59.0,30,30.0
2026-08-27 00:00:00+00:00,FR,0,3,30.0,41.0,47.0,30,29.0
2026-08-27 01:00:00+00:00,FR,1,3,30.0,30.0,41.0,29,31.0
2026-08-27 02:00:00+00:00,FR,2,3,29.0,30.0,30.0,31,32.0
2026-08-27 03:00:00+00:00,FR,3,3,31.0,29.0,30.0,32,50.0
2026-08-27 04:00:00+00:00,FR,4,3,32.0,31.0,29.0,50,59.0
2026-08-27 05:00:00+00:00,FR,5,3,50.0,32.0,31.0,59,56.0
2026-08-27 06:00:00+00:00,FR,6,3,59.0,50.0,32.0,56,48.0
2026-08-27 07:00:00+00:00,FR,7,3,56.0,59.0,50.0,48,39.0
2026-08-27 08:00:00+00:00,FR,8,3,48.0,56.0,59.0,39,36.0
2026-08-27 09:00:00+00:00,FR,9,3,39.0,48.0,56.0,36,33.0
2026-08-27 10:00:00+00:00,FR,10,3,36.0,39.0,48.0,33,33.0
2026-08-27 11:00:00+00:00,FR,11,3,33.0,36.0,39.0,33,34.0
2026-08-27 12:00:00+00:00,FR,12,3,33.0,33.0,36.0,34,37.0
2026-08-27 13:00:00+00:00,FR,13,3,34.0,33.0,33.0,37,39.0
2026-08-27 14:00:00+00:00,FR,14,3,37.0,34.0,33.0,39,50.0
2026-08-27 15:00:00+00:00,FR,15,3,39.0,37.0,34.0,50,69.0
2026-08-27 16:00:00+00:00,FR,16,3,50.0,39.0,37.0,69,75.0
2026-08-27 17:00:00+00:00,FR,17,3,69.0,50.0,39.0,75,79.0
2026-08-27 18:00:00+00:00,FR,18,3,75.0,69.0,50.0,79,78.0
2026-08-27 19:00:00+00:00,FR,19,3,79.0,75.0,69.0,78,83.0
2026-08-27 20:00:00+00:00,FR,20,3,78.0,79.0,75.0,83,74.0
2026-08-27 21:00:00+00:00,FR,21,3,83.0,78.0,79.0,74,62.0
2026-08-27 22:00:00+00:00,FR,22,3,74.0,83.0,78.0,62,54.0
2026-08-27 23:00:00+00:00,FR,23,3,62.0,74.0,83.0,54,40.0
2026-08-28 00:00:00+00:00,FR,0,4,54.0,62.0,74.0,40,34.0
2026-08-28 01:00:00+00:00,FR,1,4,40.0,54.0,62.0,34,28.0
2026-08-28 02:00:00+00:00,FR,2,4,34.0,40.0,54.0,28,28.0
2026-08-28 03:00:00+00:00,FR,3,4,28.0,34.0,40.0,28,46.0
2026-08-28 04:00:00+00:00,FR,4,4,28.0,28.0,34.0,46,48.0
2026-08-28 05:00:00+00:00,FR,5,4,46.0,28.0,28.0,48,44.0
2026-08-28 06:00:00+00:00,FR,6,4,48.0,46.0,28.0,44,37.0
2026-08-28 07:00:00+00:00,FR,7,4,44.0,48.0,46.0,37,33.0
2026-08-28 08:00:00+00:00,FR,8,4,37.0,44.0,48.0,33,38.0
2026-08-28 09:00:00+00:00,FR,9,4,33.0,37.0,44.0,38,37.0
2026-08-28 10:00:00+00:00,FR,10,4,38.0,33.0,37.0,37,31.0
2026-08-28 11:00:00+00:00,FR,11,4,37.0,38.0,33.0,31,25.0
2026-08-28 12:00:00+00:00,FR,12,4,31.0,37.0,38.0,25,25.0
2026-08-28 13:00:00+00:00,FR,13,4,25.0,31.0,37.0,25,25.0
2026-08-28 14:00:00+00:00,FR,14,4,25.0,25.0,31.0,25,24.0
2026-08-28 15:00:00+00:00,FR,15,4,25.0,25.0,25.0,24,23.0
2026-08-28 16:00:00+00:00,FR,16,4,24.0,25.0,25.0,23,33.0
2026-08-28 17:00:00+00:00,FR,17,4,23.0,24.0,25.0,33,37.0
2026-08-28 18:00:00+00:00,FR,18,4,33.0,23.0,24.0,37,36.0
2026-08-28 19:00:00+00:00,FR,19,4,37.0,33.0,23.0,36,38.0
2026-08-28 20:00:00+00:00,FR,20,4,36.0,37.0,33.0,38,30.0
2026-08-28 21:00:00+00:00,FR,21,4,38.0,36.0,37.0,30,20.0
2026-08-28 22:00:00+00:00,FR,22,4,30.0,38.0,36.0,20,17.0
2026-08-28 23:00:00+00:00,FR,23,4,20.0,30.0,38.0,17,15.0
2026-08-29 00:00:00+00:00,FR,0,5,17.0,20.0,30.0,15,15.0
2026-08-29 01:00:00+00:00,FR,1,5,15.0,17.0,20.0,15,15.0
2026-08-29 02:00:00+00:00,FR,2,5,15.0,15.0,17.0,15,15.0
2026-08-29 03:00:00+00:00,FR,3,5,15.0,15.0,15.0,15,15.0
2026-08-29 04:00:00+00:00,FR,4,5,15.0,15.0,15.0,15,16.0
2026-08-29 05:00:00+00:00,FR,5,5,15.0,15.0,15.0,16,17.0
2026-08-29 06:00:00+00:00,FR,6,5,16.0,15.0,15.0,17,17.0
2026-08-29 07:00:00+00:00,FR,7,5,17.0,16.0,15.0,17,18.0
2026-08-29 08:00:00+00:00,FR,8,5,17.0,17.0,16.0,18,20.0
2026-08-29 09:00:00+00:00,FR,9,5,18.0,17.0,17.0,20,21.0
2026-08-29 10:00:00+00:00,FR,10,5,20.0,18.0,17.0,21,21.0
2026-08-29 11:00:00+00:00,FR,11,5,21.0,20.0,18.0,21,20.0
2026-08-29 12:00:00+00:00,FR,12,5,21.0,21.0,20.0,20,21.0
2026-08-29 13:00:00+00:00,FR,13,5,20.0,21.0,21.0,21,21.0
2026-08-29 14:00:00+00:00,FR,14,5,21.0,20.0,21.0,21,20.0
2026-08-29 15:00:00+00:00,FR,15,5,21.0,21.0,20.0,20,18.0
2026-08-29 16:00:00+00:00,FR,16,5,20.0,21.0,21.0,18,19.0
2026-08-29 17:00:00+00:00,FR,17,5,18.0,20.0,21.0,19,21.0
2026-08-29 18:00:00+00:00,FR,18,5,19.0,18.0,20.0,21,20.0
2026-08-29 19:00:00+00:00,FR,19,5,21.0,19.0,18.0,20,19.0
2026-08-29 20:00:00+00:00,FR,20,5,20.0,21.0,19.0,19,17.0
2026-08-29 21:00:00+00:00,FR,21,5,19.0,20.0,21.0,17,19.0
2026-08-29 22:00:00+00:00,FR,22,5,17.0,19.0,20.0,19,16.0
2026-08-29 23:00:00+00:00,FR,23,5,19.0,17.0,19.0,16,15.0
2026-08-30 00:00:00+00:00,FR,0,6,16.0,19.0,17.0,15,15.0
2026-08-30 01:00:00+00:00,FR,1,6,15.0,16.0,19.0,15,15.0
2026-08-30 02:00:00+00:00,FR,2,6,15.0,15.0,16.0,15,15.0
2026-08-30 03:00:00+00:00,FR,3,6,15.0,15.0,15.0,15,15.0
2026-08-30 04:00:00+00:00,FR,4,6,15.0,15.0,15.0,15,15.0
2026-08-30 05:00:00+00:00,FR,5,6,15.0,15.0,15.0,15,17.0
2026-08-30 06:00:00+00:00,FR,6,6,15.0,15.0,15.0,17,18.0
2026-08-30 07:00:00+00:00,FR,7,6,17.0,15.0,15.0,18,19.0
2026-08-30 08:00:00+00:00,FR,8,6,18.0,17.0,15.0,19,21.0
2026-08-30 09:00:00+00:00,FR,9,6,19.0,18.0,17.0,21,22.0
2026-08-30 10:00:00+00:00,FR,10,6,21.0,19.0,18.0,22,22.0
2026-08-30 11:00:00+00:00,FR,11,6,22.0,21.0,19.0,22,21.0
2026-08-30 12:00:00+00:00,FR,12,6,22.0,22.0,21.0,21,21.0
2026-08-30 13:00:00+00:00,FR,13,6,21.0,22.0,22.0,21,20.0
2026-08-30 14:00:00+00:00,FR,14,6,21.0,21.0,22.0,20,20.0
2026-08-30 15:00:00+00:00,FR,15,6,20.0,21.0,21.0,20,23.0
2026-08-30 16:00:00+00:00,FR,16,6,20.0,20.0,21.0,23,36.0
2026-08-30 17:00:00+00:00,FR,17,6,23.0,20.0,20.0,36,44.0
2026-08-30 18:00:00+00:00,FR,18,6,36.0,23.0,20.0,44,40.0
2026-08-30 19:00:00+00:00,FR,19,6,44.0,36.0,23.0,40,40.0
2026-08-30 20:00:00+00:00,FR,20,6,40.0,44.0,36.0,40,36.0
2026-08-30 21:00:00+00:00,FR,21,6,40.0,40.0,44.0,36,26.0
2026-08-30 22:00:00+00:00,FR,22,6,36.0,40.0,40.0,26,17.0
2026-08-30 23:00:00+00:00,FR,23,6,26.0,36.0,40.0,17,17.0
2026-08-31 00:00:00+00:00,FR,0,0,17.0,26.0,36.0,17,17.0
2026-08-31 01:00:00+00:00,FR,1,0,17.0,17.0,26.0,17,17.0
2026-08-31 02:00:00+00:00,FR,2,0,17.0,17.0,17.0,17,18.0
2026-08-31 03:00:00+00:00,FR,3,0,17.0,17.0,17.0,18,19.0
2026-08-31 04:00:00+00:00,FR,4,0,18.0,17.0,17.0,19,19.0
2026-08-31 05:00:00+00:00,FR,5,0,19.0,18.0,17.0,19,19.0
2026-08-31 06:00:00+00:00,FR,6,0,19.0,19.0,18.0,19,18.0
2026-08-31 07:00:00+00:00,FR,7,0,19.0,19.0,19.0,18,17.0
2026-08-31 08:00:00+00:00,FR,8,0,18.0,19.0,19.0,17,19.0
2026-08-31 09:00:00+00:00,FR,9,0,17.0,18.0,19.0,19,19.0
2026-08-31 10:00:00+00:00,FR,10,0,19.0,17.0,18.0,19,19.0
2026-08-31 11:00:00+00:00,FR,11,0,19.0,19.0,17.0,19,19.0
2026-08-31 12:00:00+00:00,FR,12,0,19.0,19.0,19.0,19,20.0
2026-08-31 13:00:00+00:00,FR,13,0,19.0,19.0,19.0,20,22.0
2026-08-31 14:00:00+00:00,FR,14,0,20.0,19.0,19.0,22,22.0
2026-08-31 15:00:00+00:00,FR,15,0,22.0,20.0,19.0,22,27.0
2026-08-31 16:00:00+00:00,FR,16,0,22.0,22.0,20.0,27,41.0
2026-08-31 17:00:00+00:00,FR,17,0,27.0,22.0,22.0,41,43.0
2026-08-31 18:00:00+00:00,FR,18,0,41.0,27.0,22.0,43,44.0
2026-08-31 19:00:00+00:00,FR,19,0,43.0,41.0,27.0,44,43.0
2026-08-31 20:00:00+00:00,FR,20,0,44.0,43.0,41.0,43,42.0
2026-08-31 21:00:00+00:00,FR,21,0,43.0,44.0,43.0,42,35.0
2026-08-31 22:00:00+00:00,FR,22,0,42.0,43.0,44.0,35,27.0
2026-08-31 23:00:00+00:00,FR,23,0,35.0,42.0,43.0,27,20.0
2026-09-01 00:00:00+00:00,FR,0,1,27.0,35.0,42.0,20,16.0
2026-09-01 01:00:00+00:00,FR,1,1,20.0,27.0,35.0,16,17.0
2026-09-01 02:00:00+00:00,FR,2,1,16.0,20.0,27.0,17,21.0
2026-09-01 03:00:00+00:00,FR,3,1,17.0,16.0,20.0,21,42.0
2026-09-01 04:00:00+00:00,FR,4,1,21.0,17.0,16.0,42,43.0
2026-09-01 05:00:00+00:00,FR,5,1,42.0,21.0,17.0,43,43.0
2026-09-01 06:00:00+00:00,FR,6,1,43.0,42.0,21.0,43,34.0
2026-09-01 07:00:00+00:00,FR,7,1,43.0,43.0,42.0,34,22.0
2026-09-01 08:00:00+00:00,FR,8,1,34.0,43.0,43.0,22,20.0
2026-09-01 09:00:00+00:00,FR,9,1,22.0,34.0,43.0,20,21.0
2026-09-01 10:00:00+00:00,FR,10,1,20.0,22.0,34.0,21,20.0
2026-09-01 11:00:00+00:00,FR,11,1,21.0,20.0,22.0,20,20.0
2026-09-01 12:00:00+00:00,FR,12,1,20.0,21.0,20.0,20,21.0
2026-09-01 13:00:00+00:00,FR,13,1,20.0,20.0,21.0,21,23.0
2026-09-01 14:00:00+00:00,FR,14,1,21.0,20.0,20.0,23,28.0
2026-09-01 15:00:00+00:00,FR,15,1,23.0,21.0,20.0,28,47.0
2026-09-01 16:00:00+00:00,FR,16,1,28.0,23.0,21.0,47,55.0
2026-09-01 17:00:00+00:00,FR,17,1,47.0,28.0,23.0,55,54.0
2026-09-01 18:00:00+00:00,FR,18,1,55.0,47.0,28.0,54,53.0
2026-09-01 19:00:00+00:00,FR,19,1,54.0,55.0,47.0,53,54.0
2026-09-01 20:00:00+00:00,FR,20,1,53.0,54.0,55.0,54,55.0
2026-09-01 21:00:00+00:00,FR,21,1,54.0,53.0,54.0,55,59.0
2026-09-01 22:00:00+00:00,FR,22,1,55.0,54.0,53.0,59,55.0
2026-09-01 23:00:00+00:00,FR,23,1,59.0,55.0,54.0,55,50.0
2026-09-02 00:00:00+00:00,FR,0,2,55.0,59.0,55.0,50,49.0
2026-09-02 01:00:00+00:00,FR,1,2,50.0,55.0,59.0,49,50.0
2026-09-02 02:00:00+00:00,FR,2,2,49.0,50.0,55.0,50,50.0
2026-09-02 03:00:00+00:00,FR,3,2,50.0,49.0,50.0,50,55.0
2026-09-02 04:00:00+00:00,FR,4,2,50.0,50.0,49.0,55,53.0
2026-09-02 05:00:00+00:00,FR,5,2,55.0,50.0,50.0,53,52.0
2026-09-02 06:00:00+00:00,FR,6,2,53.0,55.0,50.0,52,43.0
2026-09-02 07:00:00+00:00,FR,7,2,52.0,53.0,55.0,43,27.0
2026-09-02 08:00:00+00:00,FR,8,2,43.0,52.0,53.0,27,24.0
2026-09-02 09:00:00+00:00,FR,9,2,27.0,43.0,52.0,24,24.0
2026-09-02 10:00:00+00:00,FR,10,2,24.0,27.0,43.0,24,23.0
2026-09-02 11:00:00+00:00,FR,11,2,24.0,24.0,27.0,23,23.0
2026-09-02 12:00:00+00:00,FR,12,2,23.0,24.0,24.0,23,23.0
2026-09-02 13:00:00+00:00,FR,13,2,23.0,23.0,24.0,23,23.0
2026-09-02 14:00:00+00:00,FR,14,2,23.0,23.0,23.0,23,30.0
2026-09-02 15:00:00+00:00,FR,15,2,23.0,23.0,23.0,30,46.0
2026-09-02 16:00:00+00:00,FR,16,2,30.0,23.0,23.0,46,55.0
2026-09-02 17:00:00+00:00,FR,17,2,46.0,30.0,23.0,55,53.0
2026-09-02 18:00:00+00:00,FR,18,2,55.0,46.0,30.0,53,53.0
2026-09-02 19:00:00+00:00,FR,19,2,53.0,55.0,46.0,53,57.0
2026-09-02 20:00:00+00:00,FR,20,2,53.0,53.0,55.0,57,53.0
2026-09-02 21:00:00+00:00,FR,21,2,57.0,53.0,53.0,53,53.0
2026-09-02 21:00:00+00:00,FR,21,2,53.0,57.0,53.0,53,39.0
2026-09-02 22:00:00+00:00,FR,22,2,53.0,53.0,57.0,39,27.0
2026-09-02 23:00:00+00:00,FR,23,2,39.0,53.0,53.0,27,18.0
2026-09-03 00:00:00+00:00,FR,0,3,27.0,39.0,53.0,18,18.0
2026-09-03 01:00:00+00:00,FR,1,3,18.0,27.0,39.0,18,18.0
2026-09-03 02:00:00+00:00,FR,2,3,18.0,18.0,27.0,18,21.0
2026-09-03 03:00:00+00:00,FR,3,3,18.0,18.0,18.0,21,27.0
2026-09-03 04:00:00+00:00,FR,4,3,21.0,18.0,18.0,27,30.0
2026-09-03 05:00:00+00:00,FR,5,3,27.0,21.0,18.0,30,27.0
2026-09-03 06:00:00+00:00,FR,6,3,30.0,27.0,21.0,27,22.0
2026-09-03 07:00:00+00:00,FR,7,3,27.0,30.0,27.0,22,22.0
2026-09-03 08:00:00+00:00,FR,8,3,22.0,27.0,30.0,22,22.0
2026-09-03 09:00:00+00:00,FR,9,3,22.0,22.0,27.0,22,20.0
2026-09-03 10:00:00+00:00,FR,10,3,22.0,22.0,22.0,20,20.0
2026-09-03 11:00:00+00:00,FR,11,3,20.0,22.0,22.0,20,20.0
2026-09-03 12:00:00+00:00,FR,12,3,20.0,20.0,22.0,20,21.0
2026-09-03 13:00:00+00:00,FR,13,3,20.0,20.0,20.0,21,22.0
2026-09-03 14:00:00+00:00,FR,14,3,21.0,20.0,20.0,22,23.0
2026-09-03 15:00:00+00:00,FR,15,3,22.0,21.0,20.0,23,28.0
2026-09-03 16:00:00+00:00,FR,16,3,23.0,22.0,21.0,28,39.0
2026-09-03 17:00:00+00:00,FR,17,3,28.0,23.0,22.0,39,41.0
2026-09-03 18:00:00+00:00,FR,18,3,39.0,28.0,23.0,41,42.0
2026-09-03 19:00:00+00:00,FR,19,3,41.0,39.0,28.0,42,43.0
2026-09-03 20:00:00+00:00,FR,20,3,42.0,41.0,39.0,43,36.0
2026-09-03 21:00:00+00:00,FR,21,3,43.0,42.0,41.0,36,24.0
2026-09-03 22:00:00+00:00,FR,22,3,36.0,43.0,42.0,24,19.0
2026-09-03 23:00:00+00:00,FR,23,3,24.0,36.0,43.0,19,17.0
2026-09-04 00:00:00+00:00,FR,0,4,19.0,24.0,36.0,17,17.0
2026-09-04 01:00:00+00:00,FR,1,4,17.0,19.0,24.0,17,17.0
2026-09-04 02:00:00+00:00,FR,2,4,17.0,17.0,19.0,17,18.0
2026-09-04 03:00:00+00:00,FR,3,4,17.0,17.0,17.0,18,22.0
2026-09-04 04:00:00+00:00,FR,4,4,18.0,17.0,17.0,22,26.0
2026-09-04 05:00:00+00:00,FR,5,4,22.0,18.0,17.0,26,23.0
2026-09-04 06:00:00+00:00,FR,6,4,26.0,22.0,18.0,23,19.0
2026-09-04 07:00:00+00:00,FR,7,4,23.0,26.0,22.0,19,20.0
2026-09-04 08:00:00+00:00,FR,8,4,19.0,23.0,26.0,20,20.0
2026-09-04 09:00:00+00:00,FR,9,4,20.0,19.0,23.0,20,21.0
2026-09-04 10:00:00+00:00,FR,10,4,20.0,20.0,19.0,21,21.0
2026-09-04 11:00:00+00:00,FR,11,4,21.0,20.0,20.0,21,21.0
2026-09-04 12:00:00+00:00,FR,12,4,21.0,21.0,20.0,21,22.0
2026-09-04 13:00:00+00:00,FR,13,4,21.0,21.0,21.0,22,22.0
2026-09-04 14:00:00+00:00,FR,14,4,22.0,21.0,21.0,22,22.0
2026-09-04 15:00:00+00:00,FR,15,4,22.0,22.0,21.0,22,25.0
2026-09-04 16:00:00+00:00,FR,16,4,22.0,22.0,22.0,25,27.0
2026-09-04 17:00:00+00:00,FR,17,4,25.0,22.0,22.0,27,26.0
2026-09-04 18:00:00+00:00,FR,18,4,27.0,25.0,22.0,26,24.0
2026-09-04 19:00:00+00:00,FR,19,4,26.0,27.0,25.0,24,25.0
2026-09-04 20:00:00+00:00,FR,20,4,24.0,26.0,27.0,25,24.0
2026-09-04 21:00:00+00:00,FR,21,4,25.0,24.0,26.0,24,23.0
2026-09-04 22:00:00+00:00,FR,22,4,24.0,25.0,24.0,23,24.0
2026-09-04 23:00:00+00:00,FR,23,4,23.0,24.0,25.0,24,22.0
2026-09-05 00:00:00+00:00,FR,0,5,24.0,23.0,24.0,22,22.0
2026-09-05 01:00:00+00:00,FR,1,5,22.0,24.0,23.0,22,22.0
2026-09-05 02:00:00+00:00,FR,2,5,22.0,22.0,24.0,22,21.0
2026-09-05 03:00:00+00:00,FR,3,5,22.0,22.0,22.0,21,23.0
2026-09-05 04:00:00+00:00,FR,4,5,21.0,22.0,22.0,23,24.0
2026-09-05 05:00:00+00:00,FR,5,5,23.0,21.0,22.0,24,22.0
2026-09-05 06:00:00+00:00,FR,6,5,24.0,23.0,21.0,22,24.0
2026-09-05 07:00:00+00:00,FR,7,5,22.0,24.0,23.0,24,23.0
2026-09-05 08:00:00+00:00,FR,8,5,24.0,22.0,24.0,23,22.0
2026-09-05 09:00:00+00:00,FR,9,5,23.0,24.0,22.0,22,23.0
2026-09-05 10:00:00+00:00,FR,10,5,22.0,23.0,24.0,23,25.0
2026-09-05 11:00:00+00:00,FR,11,5,23.0,22.0,23.0,25,27.0
2026-09-05 12:00:00+00:00,FR,12,5,25.0,23.0,22.0,27,24.0
2026-09-05 13:00:00+00:00,FR,13,5,27.0,25.0,23.0,24,25.0
2026-09-05 14:00:00+00:00,FR,14,5,24.0,27.0,25.0,25,26.0
2026-09-05 15:00:00+00:00,FR,15,5,25.0,24.0,27.0,26,28.0
2026-09-05 16:00:00+00:00,FR,16,5,26.0,25.0,24.0,28,37.0
2026-09-05 17:00:00+00:00,FR,17,5,28.0,26.0,25.0,37,42.0
2026-09-05 18:00:00+00:00,FR,18,5,37.0,28.0,26.0,42,38.0
2026-09-05 19:00:00+00:00,FR,19,5,42.0,37.0,28.0,38,36.0
2026-08-07 00:00:00+00:00,GB,0,4,230.0,235.0,251.0,204,193.0
2026-08-07 01:00:00+00:00,GB,1,4,204.0,230.0,235.0,193,199.0
2026-08-07 02:00:00+00:00,GB,2,4,193.0,204.0,230.0,199,209.0
2026-08-07 03:00:00+00:00,GB,3,4,199.0,193.0,204.0,209,224.0
2026-08-07 04:00:00+00:00,GB,4,4,209.0,199.0,193.0,224,212.0
2026-08-07 05:00:00+00:00,GB,5,4,224.0,209.0,199.0,212,171.0
2026-08-07 06:00:00+00:00,GB,6,4,212.0,224.0,209.0,171,135.0
2026-08-07 07:00:00+00:00,GB,7,4,171.0,212.0,224.0,135,109.0
2026-08-07 08:00:00+00:00,GB,8,4,135.0,171.0,212.0,109,96.0
2026-08-07 09:00:00+00:00,GB,9,4,109.0,135.0,171.0,96,98.0
2026-08-07 10:00:00+00:00,GB,10,4,96.0,109.0,135.0,98,95.0
2026-08-07 11:00:00+00:00,GB,11,4,98.0,96.0,109.0,95,99.0
2026-08-07 12:00:00+00:00,GB,12,4,95.0,98.0,96.0,99,93.0
2026-08-07 13:00:00+00:00,GB,13,4,99.0,95.0,98.0,93,99.0
2026-08-07 14:00:00+00:00,GB,14,4,93.0,99.0,95.0,99,119.0
2026-08-07 15:00:00+00:00,GB,15,4,99.0,93.0,99.0,119,162.0
2026-08-07 16:00:00+00:00,GB,16,4,119.0,99.0,93.0,162,205.0
2026-08-07 17:00:00+00:00,GB,17,4,162.0,119.0,99.0,205,258.0
2026-08-07 18:00:00+00:00,GB,18,4,205.0,162.0,119.0,258,267.0
2026-08-07 19:00:00+00:00,GB,19,4,258.0,205.0,162.0,267,251.0
2026-08-07 20:00:00+00:00,GB,20,4,267.0,258.0,205.0,251,238.0
2026-08-07 21:00:00+00:00,GB,21,4,251.0,267.0,258.0,238,215.0
2026-08-07 22:00:00+00:00,GB,22,4,238.0,251.0,267.0,215,192.0
2026-08-07 23:00:00+00:00,GB,23,4,215.0,238.0,251.0,192,168.0
2026-08-08 00:00:00+00:00,GB,0,5,192.0,215.0,238.0,168,165.0
2026-08-08 01:00:00+00:00,GB,1,5,168.0,192.0,215.0,165,163.0
2026-08-08 02:00:00+00:00,GB,2,5,165.0,168.0,192.0,163,166.0
2026-08-08 03:00:00+00:00,GB,3,5,163.0,165.0,168.0,166,165.0
2026-08-08 04:00:00+00:00,GB,4,5,166.0,163.0,165.0,165,143.0
2026-08-08 05:00:00+00:00,GB,5,5,165.0,166.0,163.0,143,123.0
2026-08-08 06:00:00+00:00,GB,6,5,143.0,165.0,166.0,123,97.0
2026-08-08 07:00:00+00:00,GB,7,5,123.0,143.0,165.0,97,91.0
2026-08-08 08:00:00+00:00,GB,8,5,97.0,123.0,143.0,91,82.0
2026-08-08 09:00:00+00:00,GB,9,5,91.0,97.0,123.0,82,78.0
2026-08-08 10:00:00+00:00,GB,10,5,82.0,91.0,97.0,78,75.0
2026-08-08 11:00:00+00:00,GB,11,5,78.0,82.0,91.0,75,75.0
2026-08-08 12:00:00+00:00,GB,12,5,75.0,78.0,82.0,75,85.0
2026-08-08 13:00:00+00:00,GB,13,5,75.0,75.0,78.0,85,99.0
2026-08-08 14:00:00+00:00,GB,14,5,85.0,75.0,75.0,99,100.0
2026-08-08 15:00:00+00:00,GB,15,5,99.0,85.0,75.0,100,123.0
2026-08-08 16:00:00+00:00,GB,16,5,100.0,99.0,85.0,123,177.0
2026-08-08 17:00:00+00:00,GB,17,5,123.0,100.0,99.0,177,200.0
2026-08-08 18:00:00+00:00,GB,18,5,177.0,123.0,100.0,200,196.0
2026-08-08 19:00:00+00:00,GB,19,5,200.0,177.0,123.0,196,190.0
2026-08-08 20:00:00+00:00,GB,20,5,196.0,200.0,177.0,190,178.0
2026-08-08 21:00:00+00:00,GB,21,5,190.0,196.0,200.0,178,155.0
2026-08-08 22:00:00+00:00,GB,22,5,178.0,190.0,196.0,155,133.0
2026-08-08 23:00:00+00:00,GB,23,5,155.0,178.0,190.0,133,108.0
2026-08-09 00:00:00+00:00,GB,0,6,133.0,155.0,178.0,108,105.0
2026-08-09 01:00:00+00:00,GB,1,6,108.0,133.0,155.0,105,115.0
2026-08-09 02:00:00+00:00,GB,2,6,105.0,108.0,133.0,115,117.0
2026-08-09 03:00:00+00:00,GB,3,6,115.0,105.0,108.0,117,123.0
2026-08-09 04:00:00+00:00,GB,4,6,117.0,115.0,105.0,123,106.0
2026-08-09 05:00:00+00:00,GB,5,6,123.0,117.0,115.0,106,96.0
2026-08-09 06:00:00+00:00,GB,6,6,106.0,123.0,117.0,96,87.0
2026-08-09 07:00:00+00:00,GB,7,6,96.0,106.0,123.0,87,89.0
2026-08-09 08:00:00+00:00,GB,8,6,87.0,96.0,106.0,89,80.0
2026-08-09 09:00:00+00:00,GB,9,6,89.0,87.0,96.0,80,81.0
2026-08-09 10:00:00+00:00,GB,10,6,80.0,89.0,87.0,81,81.0
2026-08-09 11:00:00+00:00,GB,11,6,81.0,80.0,89.0,81,79.0
2026-08-09 12:00:00+00:00,GB,12,6,81.0,81.0,80.0,79,81.0
2026-08-09 13:00:00+00:00,GB,13,6,79.0,81.0,81.0,81,88.0
2026-08-09 14:00:00+00:00,GB,14,6,81.0,79.0,81.0,88,110.0
2026-08-09 15:00:00+00:00,GB,15,6,88.0,81.0,79.0,110,156.0
2026-08-09 16:00:00+00:00,GB,16,6,110.0,88.0,81.0,156,210.0
2026-08-09 17:00:00+00:00,GB,17,6,156.0,110.0,88.0,210,247.0
2026-08-09 18:00:00+00:00,GB,18,6,210.0,156.0,110.0,247,255.0
2026-08-09 19:00:00+00:00,GB,19,6,247.0,210.0,156.0,255,238.0
2026-08-09 20:00:00+00:00,GB,20,6,255.0,247.0,210.0,238,224.0
2026-08-09 21:00:00+00:00,GB,21,6,238.0,255.0,247.0,224,215.0
2026-08-09 22:00:00+00:00,GB,22,6,224.0,238.0,255.0,215,209.0
2026-08-09 23:00:00+00:00,GB,23,6,215.0,224.0,238.0,209,192.0
2026-08-10 00:00:00+00:00,GB,0,0,209.0,215.0,224.0,192,187.0
2026-08-10 01:00:00+00:00,GB,1,0,192.0,209.0,215.0,187,195.0
2026-08-10 02:00:00+00:00,GB,2,0,187.0,192.0,209.0,195,200.0
2026-08-10 03:00:00+00:00,GB,3,0,195.0,187.0,192.0,200,208.0
2026-08-10 04:00:00+00:00,GB,4,0,200.0,195.0,187.0,208,218.0
2026-08-10 05:00:00+00:00,GB,5,0,208.0,200.0,195.0,218,198.0
2026-08-10 06:00:00+00:00,GB,6,0,218.0,208.0,200.0,198,163.0
2026-08-10 07:00:00+00:00,GB,7,0,198.0,218.0,208.0,163,128.0
2026-08-10 08:00:00+00:00,GB,8,0,163.0,198.0,218.0,128,103.0
2026-08-10 09:00:00+00:00,GB,9,0,128.0,163.0,198.0,103,92.0
2026-08-10 10:00:00+00:00,GB,10,0,103.0,128.0,163.0,92,87.0
2026-08-10 11:00:00+00:00,GB,11,0,92.0,103.0,128.0,87,87.0
2026-08-10 12:00:00+00:00,GB,12,0,87.0,92.0,103.0,87,89.0
2026-08-10 13:00:00+00:00,GB,13,0,87.0,87.0,92.0,89,103.0
2026-08-10 14:00:00+00:00,GB,14,0,89.0,87.0,87.0,103,135.0
2026-08-10 15:00:00+00:00,GB,15,0,103.0,89.0,87.0,135,191.0
2026-08-10 16:00:00+00:00,GB,16,0,135.0,103.0,89.0,191,222.0
2026-08-10 17:00:00+00:00,GB,17,0,191.0,135.0,103.0,222,254.0
2026-08-10 18:00:00+00:00,GB,18,0,222.0,191.0,135.0,254,261.0
2026-08-10 19:00:00+00:00,GB,19,0,254.0,222.0,191.0,261,267.0
2026-08-10 20:00:00+00:00,GB,20,0,261.0,254.0,222.0,267,257.0
2026-08-10 21:00:00+00:00,GB,21,0,267.0,261.0,254.0,257,240.0
2026-08-10 22:00:00+00:00,GB,22,0,257.0,267.0,261.0,240,228.0
2026-08-10 23:00:00+00:00,GB,23,0,240.0,257.0,267.0,228,215.0
2026-08-11 00:00:00+00:00,GB,0,1,228.0,240.0,257.0,215,215.0
2026-08-11 01:00:00+00:00,GB,1,1,215.0,228.0,240.0,215,209.0
2026-08-11 02:00:00+00:00,GB,2,1,215.0,215.0,228.0,209,215.0
2026-08-11 03:00:00+00:00,GB,3,1,209.0,215.0,215.0,215,210.0
2026-08-11 04:00:00+00:00,GB,4,1,215.0,209.0,215.0,210,211.0
2026-08-11 05:00:00+00:00,GB,5,1,210.0,215.0,209.0,211,193.0
2026-08-11 06:00:00+00:00,GB,6,1,211.0,210.0,215.0,193,163.0
2026-08-11 07:00:00+00:00,GB,7,1,193.0,211.0,210.0,163,126.0
2026-08-11 08:00:00+00:00,GB,8,1,163.0,193.0,211.0,126,91.0
2026-08-11 09:00:00+00:00,GB,9,1,126.0,163.0,193.0,91,78.0
2026-08-11 10:00:00+00:00,GB,10,1,91.0,126.0,163.0,78,76.0
2026-08-11 11:00:00+00:00,GB,11,1,78.0,91.0,126.0,76,74.0
2026-08-11 12:00:00+00:00,GB,12,1,76.0,78.0,91.0,74,83.0
2026-08-11 13:00:00+00:00,GB,13,1,74.0,76.0,78.0,83,95.0
2026-08-11 14:00:00+00:00,GB,14,1,83.0,74.0,76.0,95,110.0
2026-08-11 15:00:00+00:00,GB,15,1,95.0,83.0,74.0,110,180.0
2026-08-11 16:00:00+00:00,GB,16,1,110.0,95.0,83.0,180,221.0
2026-08-11 17:00:00+00:00,GB,17,1,180.0,110.0,95.0,221,250.0
2026-08-11 18:00:00+00:00,GB,18,1,221.0,180.0,110.0,250,242.0
2026-08-11 19:00:00+00:00,GB,19,1,250.0,221.0,180.0,242,222.0
2026-08-11 20:00:00+00:00,GB,20,1,242.0,250.0,221.0,222,209.0
2026-08-11 21:00:00+00:00,GB,21,1,222.0,242.0,250.0,209,199.0
2026-08-11 22:00:00+00:00,GB,22,1,209.0,222.0,242.0,199,183.0
2026-08-11 23:00:00+00:00,GB,23,1,199.0,209.0,222.0,183,178.0
2026-08-12 00:00:00+00:00,GB,0,2,183.0,199.0,209.0,178,171.0
2026-08-12 01:00:00+00:00,GB,1,2,178.0,183.0,199.0,171,170.0
2026-08-12 02:00:00+00:00,GB,2,2,171.0,178.0,183.0,170,168.0
2026-08-12 03:00:00+00:00,GB,3,2,170.0,171.0,178.0,168,183.0
2026-08-12 04:00:00+00:00,GB,4,2,168.0,170.0,171.0,183,190.0
2026-08-12 05:00:00+00:00,GB,5,2,183.0,168.0,170.0,190,275.0
2026-08-14 02:00:00+00:00,GB,2,4,190.0,183.0,168.0,275,278.0
2026-08-14 03:00:00+00:00,GB,3,4,275.0,190.0,183.0,278,284.0
2026-08-14 04:00:00+00:00,GB,4,4,278.0,275.0,190.0,284,269.0
2026-08-14 05:00:00+00:00,GB,5,4,284.0,278.0,275.0,269,233.0
2026-08-14 06:00:00+00:00,GB,6,4,269.0,284.0,278.0,233,199.0
2026-08-14 07:00:00+00:00,GB,7,4,233.0,269.0,284.0,199,171.0
2026-08-14 08:00:00+00:00,GB,8,4,199.0,233.0,269.0,171,145.0
2026-08-14 09:00:00+00:00,GB,9,4,171.0,199.0,233.0,145,132.0
2026-08-14 10:00:00+00:00,GB,10,4,145.0,171.0,199.0,132,127.0
2026-08-14 11:00:00+00:00,GB,11,4,132.0,145.0,171.0,127,127.0
2026-08-14 12:00:00+00:00,GB,12,4,127.0,132.0,145.0,127,129.0
2026-08-14 13:00:00+00:00,GB,13,4,127.0,127.0,132.0,129,143.0
2026-08-14 14:00:00+00:00,GB,14,4,129.0,127.0,127.0,143,178.0
2026-08-14 15:00:00+00:00,GB,15,4,143.0,129.0,127.0,178,220.0
2026-08-14 16:00:00+00:00,GB,16,4,178.0,143.0,129.0,220,247.0
2026-08-14 17:00:00+00:00,GB,17,4,220.0,178.0,143.0,247,271.0
2026-08-14 18:00:00+00:00,GB,18,4,247.0,220.0,178.0,271,271.0
2026-08-14 19:00:00+00:00,GB,19,4,271.0,247.0,220.0,271,268.0
2026-08-14 20:00:00+00:00,GB,20,4,271.0,271.0,247.0,268,264.0
2026-08-14 21:00:00+00:00,GB,21,4,268.0,271.0,271.0,264,247.0
2026-08-14 22:00:00+00:00,GB,22,4,264.0,268.0,271.0,247,232.0
2026-08-14 23:00:00+00:00,GB,23,4,247.0,264.0,268.0,232,221.0
2026-08-15 00:00:00+00:00,GB,0,5,232.0,247.0,264.0,221,214.0
2026-08-15 01:00:00+00:00,GB,1,5,221.0,232.0,247.0,214,193.0
2026-08-15 02:00:00+00:00,GB,2,5,214.0,221.0,232.0,193,191.0
2026-08-15 03:00:00+00:00,GB,3,5,193.0,214.0,221.0,191,194.0
2026-08-15 04:00:00+00:00,GB,4,5,191.0,193.0,214.0,194,182.0
2026-08-15 05:00:00+00:00,GB,5,5,194.0,191.0,193.0,182,133.0
2026-08-15 06:00:00+00:00,GB,6,5,182.0,194.0,191.0,133,112.0
2026-08-15 07:00:00+00:00,GB,7,5,133.0,182.0,194.0,112,109.0
2026-08-15 08:00:00+00:00,GB,8,5,112.0,133.0,182.0,109,96.0
2026-08-15 09:00:00+00:00,GB,9,5,109.0,112.0,133.0,96,91.0
2026-08-15 10:00:00+00:00,GB,10,5,96.0,109.0,112.0,91,87.0
2026-08-15 11:00:00+00:00,GB,11,5,91.0,96.0,109.0,87,84.0
2026-08-15 12:00:00+00:00,GB,12,5,87.0,91.0,96.0,84,85.0
2026-08-15 13:00:00+00:00,GB,13,5,84.0,87.0,91.0,85,91.0
2026-08-15 14:00:00+00:00,GB,14,5,85.0,84.0,87.0,91,126.0
2026-08-15 15:00:00+00:00,GB,15,5,91.0,85.0,84.0,126,182.0
2026-08-15 16:00:00+00:00,GB,16,5,126.0,91.0,85.0,182,222.0
2026-08-15 17:00:00+00:00,GB,17,5,182.0,126.0,91.0,222,254.0
2026-08-15 18:00:00+00:00,GB,18,5,222.0,182.0,126.0,254,254.0
2026-08-15 19:00:00+00:00,GB,19,5,254.0,222.0,182.0,254,247.0
2026-08-15 20:00:00+00:00,GB,20,5,254.0,254.0,222.0,247,244.0
2026-08-15 21:00:00+00:00,GB,21,5,247.0,254.0,254.0,244,244.0
2026-08-15 21:00:00+00:00,GB,21,5,244.0,247.0,254.0,244,245.0
2026-08-15 22:00:00+00:00,GB,22,5,244.0,244.0,247.0,245,255.0
2026-08-15 23:00:00+00:00,GB,23,5,245.0,244.0,244.0,255,254.0
2026-08-16 00:00:00+00:00,GB,0,6,255.0,245.0,244.0,254,255.0
2026-08-16 01:00:00+00:00,GB,1,6,254.0,255.0,245.0,255,244.0
2026-08-16 02:00:00+00:00,GB,2,6,255.0,254.0,255.0,244,245.0
2026-08-16 03:00:00+00:00,GB,3,6,244.0,255.0,254.0,245,254.0
2026-08-16 04:00:00+00:00,GB,4,6,245.0,244.0,255.0,254,236.0
2026-08-16 05:00:00+00:00,GB,5,6,254.0,245.0,244.0,236,206.0
2026-08-16 06:00:00+00:00,GB,6,6,236.0,254.0,245.0,206,186.0
2026-08-16 07:00:00+00:00,GB,7,6,206.0,236.0,254.0,186,170.0
2026-08-16 08:00:00+00:00,GB,8,6,186.0,206.0,236.0,170,158.0
2026-08-16 09:00:00+00:00,GB,9,6,170.0,186.0,206.0,158,150.0
2026-08-16 10:00:00+00:00,GB,10,6,158.0,170.0,186.0,150,133.0
2026-08-16 11:00:00+00:00,GB,11,6,150.0,158.0,170.0,133,121.0
2026-08-16 12:00:00+00:00,GB,12,6,133.0,150.0,158.0,121,123.0
2026-08-16 13:00:00+00:00,GB,13,6,121.0,133.0,150.0,123,146.0
2026-08-16 14:00:00+00:00,GB,14,6,123.0,121.0,133.0,146,188.0
2026-08-16 15:00:00+00:00,GB,15,6,146.0,123.0,121.0,188,245.0
2026-08-16 16:00:00+00:00,GB,16,6,188.0,146.0,123.0,245,276.0
2026-08-16 17:00:00+00:00,GB,17,6,245.0,188.0,146.0,276,312.0
2026-08-16 18:00:00+00:00,GB,18,6,276.0,245.0,188.0,312,320.0
2026-08-16 19:00:00+00:00,GB,19,6,312.0,276.0,245.0,320,302.0
2026-08-16 20:00:00+00:00,GB,20,6,320.0,312.0,276.0,302,304.0
2026-08-16 21:00:00+00:00,GB,21,6,302.0,320.0,312.0,304,317.0
2026-08-16 22:00:00+00:00,GB,22,6,304.0,302.0,320.0,317,306.0
2026-08-16 23:00:00+00:00,GB,23,6,317.0,304.0,302.0,306,305.0
2026-08-17 00:00:00+00:00,GB,0,0,306.0,317.0,304.0,305,297.0
2026-08-17 01:00:00+00:00,GB,1,0,305.0,306.0,317.0,297,301.0
2026-08-17 02:00:00+00:00,GB,2,0,297.0,305.0,306.0,301,315.0
2026-08-17 03:00:00+00:00,GB,3,0,301.0,297.0,305.0,315,324.0
2026-08-17 04:00:00+00:00,GB,4,0,315.0,301.0,297.0,324,323.0
2026-08-17 05:00:00+00:00,GB,5,0,324.0,315.0,301.0,323,302.0
2026-08-17 06:00:00+00:00,GB,6,0,323.0,324.0,315.0,302,286.0
2026-08-17 07:00:00+00:00,GB,7,0,302.0,323.0,324.0,286,252.0
2026-08-17 08:00:00+00:00,GB,8,0,286.0,302.0,323.0,252,244.0
2026-08-17 09:00:00+00:00,GB,9,0,252.0,286.0,302.0,244,241.0
2026-08-17 10:00:00+00:00,GB,10,0,244.0,252.0,286.0,241,234.0
2026-08-17 11:00:00+00:00,GB,11,0,241.0,244.0,252.0,234,230.0
2026-08-17 12:00:00+00:00,GB,12,0,234.0,241.0,244.0,230,241.0
2026-08-17 13:00:00+00:00,GB,13,0,230.0,234.0,241.0,241,234.0
2026-08-17 14:00:00+00:00,GB,14,0,241.0,230.0,234.0,234,236.0
2026-08-17 15:00:00+00:00,GB,15,0,234.0,241.0,230.0,236,258.0
2026-08-17 16:00:00+00:00,GB,16,0,236.0,234.0,241.0,258,280.0
2026-08-17 17:00:00+00:00,GB,17,0,258.0,236.0,234.0,280,301.0
2026-08-17 18:00:00+00:00,GB,18,0,280.0,258.0,236.0,301,297.0
2026-08-17 19:00:00+00:00,GB,19,0,301.0,280.0,258.0,297,277.0
2026-08-17 20:00:00+00:00,GB,20,0,297.0,301.0,280.0,277,260.0
2026-08-17 21:00:00+00:00,GB,21,0,277.0,297.0,301.0,260,251.0
2026-08-17 22:00:00+00:00,GB,22,0,260.0,277.0,297.0,251,247.0
2026-08-17 23:00:00+00:00,GB,23,0,251.0,260.0,277.0,247,232.0
2026-08-18 00:00:00+00:00,GB,0,1,247.0,251.0,260.0,232,212.0
2026-08-18 01:00:00+00:00,GB,1,1,232.0,247.0,251.0,212,215.0
2026-08-18 02:00:00+00:00,GB,2,1,212.0,232.0,247.0,215,225.0
2026-08-18 03:00:00+00:00,GB,3,1,215.0,212.0,232.0,225,228.0
2026-08-18 04:00:00+00:00,GB,4,1,225.0,215.0,212.0,228,224.0
2026-08-18 05:00:00+00:00,GB,5,1,228.0,225.0,215.0,224,220.0
2026-08-18 06:00:00+00:00,GB,6,1,224.0,228.0,225.0,220,206.0
2026-08-18 07:00:00+00:00,GB,7,1,220.0,224.0,228.0,206,180.0
2026-08-18 08:00:00+00:00,GB,8,1,206.0,220.0,224.0,180,159.0
2026-08-18 09:00:00+00:00,GB,9,1,180.0,206.0,220.0,159,148.0
2026-08-18 10:00:00+00:00,GB,10,1,159.0,180.0,206.0,148,141.0
2026-08-18 11:00:00+00:00,GB,11,1,148.0,159.0,180.0,141,134.0
2026-08-18 12:00:00+00:00,GB,12,1,141.0,148.0,159.0,134,138.0
2026-08-18 13:00:00+00:00,GB,13,1,134.0,141.0,148.0,138,147.0
2026-08-18 14:00:00+00:00,GB,14,1,138.0,134.0,141.0,147,189.0
2026-08-18 15:00:00+00:00,GB,15,1,147.0,138.0,134.0,189,215.0
2026-08-18 16:00:00+00:00,GB,16,1,189.0,147.0,138.0,215,242.0
2026-08-18 17:00:00+00:00,GB,17,1,215.0,189.0,147.0,242,279.0
2026-08-18 18:00:00+00:00,GB,18,1,242.0,215.0,189.0,279,281.0
2026-08-18 19:00:00+00:00,GB,19,1,279.0,242.0,215.0,281,263.0
2026-08-18 20:00:00+00:00,GB,20,1,281.0,279.0,242.0,263,263.0
2026-08-18 21:00:00+00:00,GB,21,1,263.0,281.0,279.0,263,273.0
2026-08-18 22:00:00+00:00,GB,22,1,263.0,263.0,281.0,273,271.0
2026-08-18 23:00:00+00:00,GB,23,1,273.0,263.0,263.0,271,270.0
2026-08-19 00:00:00+00:00,GB,0,2,271.0,273.0,263.0,270,268.0
2026-08-19 01:00:00+00:00,GB,1,2,270.0,271.0,273.0,268,266.0
2026-08-19 02:00:00+00:00,GB,2,2,268.0,270.0,271.0,266,264.0
2026-08-19 03:00:00+00:00,GB,3,2,266.0,268.0,270.0,264,271.0
2026-08-19 04:00:00+00:00,GB,4,2,264.0,266.0,268.0,271,275.0
2026-08-19 05:00:00+00:00,GB,5,2,271.0,264.0,266.0,275,253.0
2026-08-19 06:00:00+00:00,GB,6,2,275.0,271.0,264.0,253,225.0
2026-08-19 07:00:00+00:00,GB,7,2,253.0,275.0,271.0,225,197.0
2026-08-19 08:00:00+00:00,GB,8,2,225.0,253.0,275.0,197,175.0
2026-08-19 09:00:00+00:00,GB,9,2,197.0,225.0,253.0,175,171.0
2026-08-19 10:00:00+00:00,GB,10,2,175.0,197.0,225.0,171,176.0
2026-08-19 11:00:00+00:00,GB,11,2,171.0,175.0,197.0,176,163.0
2026-08-19 12:00:00+00:00,GB,12,2,176.0,171.0,175.0,163,169.0
2026-08-19 13:00:00+00:00,GB,13,2,163.0,176.0,171.0,169,170.0
2026-08-19 14:00:00+00:00,GB,14,2,169.0,163.0,176.0,170,205.0
2026-08-19 15:00:00+00:00,GB,15,2,170.0,169.0,163.0,205,230.0
2026-08-19 16:00:00+00:00,GB,16,2,205.0,170.0,169.0,230,252.0
2026-08-19 17:00:00+00:00,GB,17,2,230.0,205.0,170.0,252,268.0
2026-08-19 18:00:00+00:00,GB,18,2,252.0,230.0,205.0,268,269.0
2026-08-19 19:00:00+00:00,GB,19,2,268.0,252.0,230.0,269,268.0
2026-08-19 20:00:00+00:00,GB,20,2,269.0,268.0,252.0,268,283.0
2026-08-19 21:00:00+00:00,GB,21,2,268.0,269.0,268.0,283,260.0
2026-08-19 22:00:00+00:00,GB,22,2,283.0,268.0,269.0,260,239.0
2026-08-19 23:00:00+00:00,GB,23,2,260.0,283.0,268.0,239,240.0
2026-08-20 00:00:00+00:00,GB,0,3,239.0,260.0,283.0,240,241.0
2026-08-20 01:00:00+00:00,GB,1,3,240.0,239.0,260.0,241,246.0
2026-08-20 02:00:00+00:00,GB,2,3,241.0,240.0,239.0,246,249.0
2026-08-20 03:00:00+00:00,GB,3,3,246.0,241.0,240.0,249,255.0
2026-08-20 04:00:00+00:00,GB,4,3,249.0,246.0,241.0,255,246.0
2026-08-20 05:00:00+00:00,GB,5,3,255.0,249.0,246.0,246,218.0
2026-08-20 06:00:00+00:00,GB,6,3,246.0,255.0,249.0,218,173.0
2026-08-20 07:00:00+00:00,GB,7,3,218.0,246.0,255.0,173,125.0
2026-08-20 08:00:00+00:00,GB,8,3,173.0,218.0,246.0,125,114.0
2026-08-20 09:00:00+00:00,GB,9,3,125.0,173.0,218.0,114,111.0
2026-08-20 10:00:00+00:00,GB,10,3,114.0,125.0,173.0,111,105.0
2026-08-20 11:00:00+00:00,GB,11,3,111.0,114.0,125.0,105,101.0
2026-08-20 12:00:00+00:00,GB,12,3,105.0,111.0,114.0,101,106.0
2026-08-20 13:00:00+00:00,GB,13,3,101.0,105.0,111.0,106,120.0
2026-08-20 14:00:00+00:00,GB,14,3,106.0,101.0,105.0,120,153.0
2026-08-20 15:00:00+00:00,GB,15,3,120.0,106.0,101.0,153,210.0
2026-08-20 16:00:00+00:00,GB,16,3,153.0,120.0,106.0,210,229.0
2026-08-20 17:00:00+00:00,GB,17,3,210.0,153.0,120.0,229,248.0
2026-08-20 18:00:00+00:00,GB,18,3,229.0,210.0,153.0,248,261.0
2026-08-20 19:00:00+00:00,GB,19,3,248.0,229.0,210.0,261,259.0
2026-08-20 20:00:00+00:00,GB,20,3,261.0,248.0,229.0,259,264.0
2026-08-20 21:00:00+00:00,GB,21,3,259.0,261.0,248.0,264,249.0
2026-08-20 22:00:00+00:00,GB,22,3,264.0,259.0,261.0,249,227.0
2026-08-20 23:00:00+00:00,GB,23,3,249.0,264.0,259.0,227,216.0
2026-08-21 00:00:00+00:00,GB,0,4,227.0,249.0,264.0,216,215.0
2026-08-21 01:00:00+00:00,GB,1,4,216.0,227.0,249.0,215,220.0
2026-08-21 02:00:00+00:00,GB,2,4,215.0,216.0,227.0,220,232.0
2026-08-21 03:00:00+00:00,GB,3,4,220.0,215.0,216.0,232,234.0
2026-08-21 04:00:00+00:00,GB,4,4,232.0,220.0,215.0,234,230.0
2026-08-21 05:00:00+00:00,GB,5,4,234.0,232.0,220.0,230,212.0
2026-08-21 06:00:00+00:00,GB,6,4,230.0,234.0,232.0,212,179.0
2026-08-21 07:00:00+00:00,GB,7,4,212.0,230.0,234.0,179,139.0
2026-08-21 08:00:00+00:00,GB,8,4,179.0,212.0,230.0,139,121.0
2026-08-21 09:00:00+00:00,GB,9,4,139.0,179.0,212.0,121,116.0
2026-08-21 10:00:00+00:00,GB,10,4,121.0,139.0,179.0,116,113.0
2026-08-21 11:00:00+00:00,GB,11,4,116.0,121.0,139.0,113,114.0
2026-08-21 12:00:00+00:00,GB,12,4,113.0,116.0,121.0,114,118.0
2026-08-21 13:00:00+00:00,GB,13,4,114.0,113.0,116.0,118,126.0
2026-08-21 14:00:00+00:00,GB,14,4,118.0,114.0,113.0,126,142.0
2026-08-21 15:00:00+00:00,GB,15,4,126.0,118.0,114.0,142,179.0
2026-08-21 16:00:00+00:00,GB,16,4,142.0,126.0,118.0,179,204.0
2026-08-21 17:00:00+00:00,GB,17,4,179.0,142.0,126.0,204,221.0
2026-08-21 18:00:00+00:00,GB,18,4,204.0,179.0,142.0,221,223.0
2026-08-21 19:00:00+00:00,GB,19,4,221.0,204.0,179.0,223,208.0
2026-08-21 20:00:00+00:00,GB,20,4,223.0,221.0,204.0,208,195.0
2026-08-21 21:00:00+00:00,GB,21,4,208.0,223.0,221.0,195,143.0
2026-08-21 22:00:00+00:00,GB,22,4,195.0,208.0,223.0,143,119.0
2026-08-21 23:00:00+00:00,GB,23,4,143.0,195.0,208.0,119,104.0
2026-08-22 00:00:00+00:00,GB,0,5,119.0,143.0,195.0,104,98.0
2026-08-22 01:00:00+00:00,GB,1,5,104.0,119.0,143.0,98,94.0
2026-08-22 02:00:00+00:00,GB,2,5,98.0,104.0,119.0,94,99.0
2026-08-22 03:00:00+00:00,GB,3,5,94.0,98.0,104.0,99,103.0
2026-08-22 04:00:00+00:00,GB,4,5,99.0,94.0,98.0,103,102.0
2026-08-22 05:00:00+00:00,GB,5,5,103.0,99.0,94.0,102,95.0
2026-08-22 06:00:00+00:00,GB,6,5,102.0,103.0,99.0,95,84.0
2026-08-22 07:00:00+00:00,GB,7,5,95.0,102.0,103.0,84,79.0
2026-08-22 08:00:00+00:00,GB,8,5,84.0,95.0,102.0,79,76.0
2026-08-22 09:00:00+00:00,GB,9,5,79.0,84.0,95.0,76,73.0
2026-08-22 10:00:00+00:00,GB,10,5,76.0,79.0,84.0,73,72.0
2026-08-22 11:00:00+00:00,GB,11,5,73.0,76.0,79.0,72,72.0
2026-08-22 12:00:00+00:00,GB,12,5,72.0,73.0,76.0,72,74.0
2026-08-22 13:00:00+00:00,GB,13,5,72.0,72.0,73.0,74,76.0
2026-08-22 14:00:00+00:00,GB,14,5,74.0,72.0,72.0,76,87.0
2026-08-22 15:00:00+00:00,GB,15,5,76.0,74.0,72.0,87,106.0
2026-08-22 16:00:00+00:00,GB,16,5,87.0,76.0,74.0,106,141.0
2026-08-22 17:00:00+00:00,GB,17,5,106.0,87.0,76.0,141,172.0
2026-08-22 18:00:00+00:00,GB,18,5,141.0,106.0,87.0,172,195.0
2026-08-22 19:00:00+00:00,GB,19,5,172.0,141.0,106.0,195,189.0
2026-08-22 20:00:00+00:00,GB,20,5,195.0,172.0,141.0,189,182.0
2026-08-22 21:00:00+00:00,GB,21,5,189.0,195.0,172.0,182,160.0
2026-08-22 22:00:00+00:00,GB,22,5,182.0,189.0,195.0,160,146.0
2026-08-22 23:00:00+00:00,GB,23,5,160.0,182.0,189.0,146,140.0
2026-08-23 00:00:00+00:00,GB,0,6,146.0,160.0,182.0,140,140.0
2026-08-23 01:00:00+00:00,GB,1,6,140.0,146.0,160.0,140,133.0
2026-08-23 02:00:00+00:00,GB,2,6,140.0,140.0,146.0,133,136.0
2026-08-23 03:00:00+00:00,GB,3,6,133.0,140.0,140.0,136,136.0
2026-08-23 04:00:00+00:00,GB,4,6,136.0,133.0,140.0,136,132.0
2026-08-23 05:00:00+00:00,GB,5,6,136.0,136.0,133.0,132,119.0
2026-08-23 06:00:00+00:00,GB,6,6,132.0,136.0,136.0,119,105.0
2026-08-23 07:00:00+00:00,GB,7,6,119.0,132.0,136.0,105,96.0
2026-08-23 08:00:00+00:00,GB,8,6,105.0,119.0,132.0,96,86.0
2026-08-23 09:00:00+00:00,GB,9,6,96.0,105.0,119.0,86,91.0
2026-08-23 10:00:00+00:00,GB,10,6,86.0,96.0,105.0,91,91.0
2026-08-23 11:00:00+00:00,GB,11,6,91.0,86.0,96.0,91,94.0
2026-08-23 12:00:00+00:00,GB,12,6,91.0,91.0,86.0,94,93.0
2026-08-23 13:00:00+00:00,GB,13,6,94.0,91.0,91.0,93,97.0
2026-08-23 14:00:00+00:00,GB,14,6,93.0,94.0,91.0,97,127.0
2026-08-23 15:00:00+00:00,GB,15,6,97.0,93.0,94.0,127,170.0
2026-08-23 16:00:00+00:00,GB,16,6,127.0,97.0,93.0,170,210.0
2026-08-23 17:00:00+00:00,GB,17,6,170.0,127.0,97.0,210,251.0
2026-08-23 18:00:00+00:00,GB,18,6,210.0,170.0,127.0,251,242.0
2026-08-23 19:00:00+00:00,GB,19,6,251.0,210.0,170.0,242,228.0
2026-08-23 20:00:00+00:00,GB,20,6,242.0,251.0,210.0,228,216.0
2026-08-23 21:00:00+00:00,GB,21,6,228.0,242.0,251.0,216,205.0
2026-08-23 22:00:00+00:00,GB,22,6,216.0,228.0,242.0,205,201.0
2026-08-23 23:00:00+00:00,GB,23,6,205.0,216.0,228.0,201,198.0
2026-08-24 00:00:00+00:00,GB,0,0,201.0,205.0,216.0,198,195.0
2026-08-24 01:00:00+00:00,GB,1,0,198.0,201.0,205.0,195,199.0
2026-08-24 02:00:00+00:00,GB,2,0,195.0,198.0,201.0,199,196.0
2026-08-24 03:00:00+00:00,GB,3,0,199.0,195.0,198.0,196,207.0
2026-08-24 04:00:00+00:00,GB,4,0,196.0,199.0,195.0,207,214.0
2026-08-24 05:00:00+00:00,GB,5,0,207.0,196.0,199.0,214,201.0
2026-08-24 06:00:00+00:00,GB,6,0,214.0,207.0,196.0,201,170.0
2026-08-24 07:00:00+00:00,GB,7,0,201.0,214.0,207.0,170,138.0
2026-08-24 08:00:00+00:00,GB,8,0,170.0,201.0,214.0,138,110.0
2026-08-24 09:00:00+00:00,GB,9,0,138.0,170.0,201.0,110,98.0
2026-08-24 10:00:00+00:00,GB,10,0,110.0,138.0,170.0,98,88.0
2026-08-24 11:00:00+00:00,GB,11,0,98.0,110.0,138.0,88,85.0
2026-08-24 12:00:00+00:00,GB,12,0,88.0,98.0,110.0,85,83.0
2026-08-24 13:00:00+00:00,GB,13,0,85.0,88.0,98.0,83,80.0
2026-08-24 14:00:00+00:00,GB,14,0,83.0,85.0,88.0,80,106.0
2026-08-24 15:00:00+00:00,GB,15,0,80.0,83.0,85.0,106,145.0
2026-08-24 16:00:00+00:00,GB,16,0,106.0,80.0,83.0,145,186.0
2026-08-24 17:00:00+00:00,GB,17,0,145.0,106.0,80.0,186,201.0
2026-08-24 18:00:00+00:00,GB,18,0,186.0,145.0,106.0,201,176.0
2026-08-24 19:00:00+00:00,GB,19,0,201.0,186.0,145.0,176,155.0
2026-08-24 20:00:00+00:00,GB,20,0,176.0,201.0,186.0,155,135.0
2026-08-24 21:00:00+00:00,GB,21,0,155.0,176.0,201.0,135,135.0
2026-08-24 21:00:00+00:00,GB,21,0,135.0,155.0,176.0,135,110.0
2026-08-24 22:00:00+00:00,GB,22,0,135.0,135.0,155.0,110,104.0
2026-08-24 23:00:00+00:00,GB,23,0,110.0,135.0,135.0,104,108.0
2026-08-25 00:00:00+00:00,GB,0,1,104.0,110.0,135.0,108,108.0
2026-08-25 01:00:00+00:00,GB,1,1,108.0,104.0,110.0,108,103.0
2026-08-25 02:00:00+00:00,GB,2,1,108.0,108.0,104.0,103,101.0
2026-08-25 03:00:00+00:00,GB,3,1,103.0,108.0,108.0,101,110.0
2026-08-25 04:00:00+00:00,GB,4,1,101.0,103.0,108.0,110,121.0
2026-08-25 05:00:00+00:00,GB,5,1,110.0,101.0,103.0,121,126.0
2026-08-25 06:00:00+00:00,GB,6,1,121.0,110.0,101.0,126,106.0
2026-08-25 07:00:00+00:00,GB,7,1,126.0,121.0,110.0,106,94.0
2026-08-25 08:00:00+00:00,GB,8,1,106.0,126.0,121.0,94,86.0
2026-08-25 09:00:00+00:00,GB,9,1,94.0,106.0,126.0,86,83.0
2026-08-25 10:00:00+00:00,GB,10,1,86.0,94.0,106.0,83,80.0
2026-08-25 11:00:00+00:00,GB,11,1,83.0,86.0,94.0,80,72.0
2026-08-25 12:00:00+00:00,GB,12,1,80.0,83.0,86.0,72,73.0
2026-08-25 13:00:00+00:00,GB,13,1,72.0,80.0,83.0,73,77.0
2026-08-25 14:00:00+00:00,GB,14,1,73.0,72.0,80.0,77,94.0
2026-08-25 15:00:00+00:00,GB,15,1,77.0,73.0,72.0,94,143.0
2026-08-25 16:00:00+00:00,GB,16,1,94.0,77.0,73.0,143,181.0
2026-08-25 17:00:00+00:00,GB,17,1,143.0,94.0,77.0,181,190.0
2026-08-25 18:00:00+00:00,GB,18,1,181.0,143.0,94.0,190,178.0
2026-08-25 19:00:00+00:00,GB,19,1,190.0,181.0,143.0,178,170.0
2026-08-25 20:00:00+00:00,GB,20,1,178.0,190.0,181.0,170,160.0
2026-08-25 21:00:00+00:00,GB,21,1,170.0,178.0,190.0,160,139.0
2026-08-25 22:00:00+00:00,GB,22,1,160.0,170.0,178.0,139,135.0
2026-08-25 23:00:00+00:00,GB,23,1,139.0,160.0,170.0,135,136.0
2026-08-26 00:00:00+00:00,GB,0,2,135.0,139.0,160.0,136,133.0
2026-08-26 01:00:00+00:00,GB,1,2,136.0,135.0,139.0,133,139.0
2026-08-26 02:00:00+00:00,GB,2,2,133.0,136.0,135.0,139,141.0
2026-08-26 03:00:00+00:00,GB,3,2,139.0,133.0,136.0,141,159.0
2026-08-26 04:00:00+00:00,GB,4,2,141.0,139.0,133.0,159,190.0
2026-08-26 05:00:00+00:00,GB,5,2,159.0,141.0,139.0,190,178.0
2026-08-26 06:00:00+00:00,GB,6,2,190.0,159.0,141.0,178,148.0
2026-08-26 07:00:00+00:00,GB,7,2,178.0,190.0,159.0,148,132.0
2026-08-26 08:00:00+00:00,GB,8,2,148.0,178.0,190.0,132,110.0
2026-08-26 09:00:00+00:00,GB,9,2,132.0,148.0,178.0,110,101.0
2026-08-26 10:00:00+00:00,GB,10,2,110.0,132.0,148.0,101,97.0
2026-08-26 11:00:00+00:00,GB,11,2,101.0,110.0,132.0,97,95.0
2026-08-26 12:00:00+00:00,GB,12,2,97.0,101.0,110.0,95,97.0
2026-08-26 13:00:00+00:00,GB,13,2,95.0,97.0,101.0,97,105.0
2026-08-26 14:00:00+00:00,GB,14,2,97.0,95.0,97.0,105,132.0
2026-08-26 15:00:00+00:00,GB,15,2,105.0,97.0,95.0,132,172.0
2026-08-26 16:00:00+00:00,GB,16,2,132.0,105.0,97.0,172,196.0
2026-08-26 17:00:00+00:00,GB,17,2,172.0,132.0,105.0,196,198.0
2026-08-26 18:00:00+00:00,GB,18,2,196.0,172.0,132.0,198,198.0
2026-08-26 19:00:00+00:00,GB,19,2,198.0,196.0,172.0,198,189.0
2026-08-26 20:00:00+00:00,GB,20,2,198.0,198.0,196.0,189,174.0
2026-08-26 21:00:00+00:00,GB,21,2,189.0,198.0,198.0,174,143.0
2026-08-26 22:00:00+00:00,GB,22,2,174.0,189.0,198.0,143,130.0
2026-08-26 23:00:00+00:00,GB,23,2,143.0,174.0,189.0,130,124.0
2026-08-27 00:00:00+00:00,GB,0,3,130.0,143.0,174.0,124,131.0
2026-08-27 01:00:00+00:00,GB,1,3,124.0,130.0,143.0,131,130.0
2026-08-27 02:00:00+00:00,GB,2,3,131.0,124.0,130.0,130,131.0
2026-08-27 03:00:00+00:00,GB,3,3,130.0,131.0,124.0,131,151.0
2026-08-27 04:00:00+00:00,GB,4,3,131.0,130.0,131.0,151,171.0
2026-08-27 05:00:00+00:00,GB,5,3,151.0,131.0,130.0,171,183.0
2026-08-27 06:00:00+00:00,GB,6,3,171.0,151.0,131.0,183,177.0
2026-08-27 07:00:00+00:00,GB,7,3,183.0,171.0,151.0,177,163.0
2026-08-27 08:00:00+00:00,GB,8,3,177.0,183.0,171.0,163,161.0
2026-08-27 09:00:00+00:00,GB,9,3,163.0,177.0,183.0,161,163.0
2026-08-27 10:00:00+00:00,GB,10,3,161.0,163.0,177.0,163,159.0
2026-08-27 11:00:00+00:00,GB,11,3,163.0,161.0,163.0,159,156.0
2026-08-27 12:00:00+00:00,GB,12,3,159.0,163.0,161.0,156,160.0
2026-08-27 13:00:00+00:00,GB,13,3,156.0,159.0,163.0,160,180.0
2026-08-27 14:00:00+00:00,GB,14,3,160.0,156.0,159.0,180,203.0
2026-08-27 15:00:00+00:00,GB,15,3,180.0,160.0,156.0,203,230.0
2026-08-27 16:00:00+00:00,GB,16,3,203.0,180.0,160.0,230,277.0
2026-08-27 17:00:00+00:00,GB,17,3,230.0,203.0,180.0,277,288.0
2026-08-27 18:00:00+00:00,GB,18,3,277.0,230.0,203.0,288,278.0
2026-08-27 19:00:00+00:00,GB,19,3,288.0,277.0,230.0,278,280.0
2026-08-27 20:00:00+00:00,GB,20,3,278.0,288.0,277.0,280,277.0
2026-08-27 21:00:00+00:00,GB,21,3,280.0,278.0,288.0,277,240.0
2026-08-27 22:00:00+00:00,GB,22,3,277.0,280.0,278.0,240,221.0
2026-08-27 23:00:00+00:00,GB,23,3,240.0,277.0,280.0,221,194.0
2026-08-28 00:00:00+00:00,GB,0,4,221.0,240.0,277.0,194,188.0
2026-08-28 01:00:00+00:00,GB,1,4,194.0,221.0,240.0,188,185.0
2026-08-28 02:00:00+00:00,GB,2,4,188.0,194.0,221.0,185,212.0
2026-08-28 03:00:00+00:00,GB,3,4,185.0,188.0,194.0,212,218.0
2026-08-28 04:00:00+00:00,GB,4,4,212.0,185.0,188.0,218,213.0
2026-08-28 05:00:00+00:00,GB,5,4,218.0,212.0,185.0,213,188.0
2026-08-28 06:00:00+00:00,GB,6,4,213.0,218.0,212.0,188,167.0
2026-08-28 07:00:00+00:00,GB,7,4,188.0,213.0,218.0,167,138.0
2026-08-28 08:00:00+00:00,GB,8,4,167.0,188.0,213.0,138,111.0
2026-08-28 09:00:00+00:00,GB,9,4,138.0,167.0,188.0,111,97.0
2026-08-28 10:00:00+00:00,GB,10,4,111.0,138.0,167.0,97,96.0
2026-08-28 11:00:00+00:00,GB,11,4,97.0,111.0,138.0,96,83.0
2026-08-28 12:00:00+00:00,GB,12,4,96.0,97.0,111.0,83,84.0
2026-08-28 13:00:00+00:00,GB,13,4,83.0,96.0,97.0,84,82.0
2026-08-28 14:00:00+00:00,GB,14,4,84.0,83.0,96.0,82,94.0
2026-08-28 15:00:00+00:00,GB,15,4,82.0,84.0,83.0,94,107.0
2026-08-28 16:00:00+00:00,GB,16,4,94.0,82.0,84.0,107,141.0
2026-08-28 17:00:00+00:00,GB,17,4,107.0,94.0,82.0,141,153.0
2026-08-28 18:00:00+00:00,GB,18,4,141.0,107.0,94.0,153,141.0
2026-08-28 19:00:00+00:00,GB,19,4,153.0,141.0,107.0,141,132.0
2026-08-28 20:00:00+00:00,GB,20,4,141.0,153.0,141.0,132,114.0
2026-08-28 21:00:00+00:00,GB,21,4,132.0,141.0,153.0,114,94.0
2026-08-28 22:00:00+00:00,GB,22,4,114.0,132.0,141.0,94,89.0
2026-08-28 23:00:00+00:00,GB,23,4,94.0,114.0,132.0,89,83.0
2026-08-29 00:00:00+00:00,GB,0,5,89.0,94.0,114.0,83,79.0
2026-08-29 01:00:00+00:00,GB,1,5,83.0,89.0,94.0,79,75.0
2026-08-29 02:00:00+00:00,GB,2,5,79.0,83.0,89.0,75,76.0
2026-08-29 03:00:00+00:00,GB,3,5,75.0,79.0,83.0,76,81.0
2026-08-29 04:00:00+00:00,GB,4,5,76.0,75.0,79.0,81,90.0
2026-08-29 05:00:00+00:00,GB,5,5,81.0,76.0,75.0,90,95.0
2026-08-29 06:00:00+00:00,GB,6,5,90.0,81.0,76.0,95,117.0
2026-08-29 07:00:00+00:00,GB,7,5,95.0,90.0,81.0,117,133.0
2026-08-29 08:00:00+00:00,GB,8,5,117.0,95.0,90.0,133,144.0
2026-08-29 09:00:00+00:00,GB,9,5,133.0,117.0,95.0,144,144.0
2026-08-29 10:00:00+00:00,GB,10,5,144.0,133.0,117.0,144,145.0
2026-08-29 11:00:00+00:00,GB,11,5,144.0,144.0,133.0,145,143.0
2026-08-29 12:00:00+00:00,GB,12,5,145.0,144.0,144.0,143,147.0
2026-08-29 13:00:00+00:00,GB,13,5,143.0,145.0,144.0,147,150.0
2026-08-29 14:00:00+00:00,GB,14,5,147.0,143.0,145.0,150,165.0
2026-08-29 15:00:00+00:00,GB,15,5,150.0,147.0,143.0,165,187.0
2026-08-29 16:00:00+00:00,GB,16,5,165.0,150.0,147.0,187,204.0
2026-08-29 17:00:00+00:00,GB,17,5,187.0,165.0,150.0,204,205.0
2026-08-29 18:00:00+00:00,GB,18,5,204.0,187.0,165.0,205,197.0
2026-08-29 19:00:00+00:00,GB,19,5,205.0,204.0,187.0,197,174.0
2026-08-29 20:00:00+00:00,GB,20,5,197.0,205.0,204.0,174,153.0
2026-08-29 21:00:00+00:00,GB,21,5,174.0,197.0,205.0,153,148.0
2026-08-29 22:00:00+00:00,GB,22,5,153.0,174.0,197.0,148,142.0
2026-08-29 23:00:00+00:00,GB,23,5,148.0,153.0,174.0,142,136.0
2026-08-30 00:00:00+00:00,GB,0,6,142.0,148.0,153.0,136,129.0
2026-08-30 01:00:00+00:00,GB,1,6,136.0,142.0,148.0,129,121.0
2026-08-30 02:00:00+00:00,GB,2,6,129.0,136.0,142.0,121,120.0
2026-08-30 03:00:00+00:00,GB,3,6,121.0,129.0,136.0,120,118.0
2026-08-30 04:00:00+00:00,GB,4,6,120.0,121.0,129.0,118,113.0
2026-08-30 05:00:00+00:00,GB,5,6,118.0,120.0,121.0,113,120.0
2026-08-30 06:00:00+00:00,GB,6,6,113.0,118.0,120.0,120,128.0
2026-08-30 07:00:00+00:00,GB,7,6,120.0,113.0,118.0,128,121.0
2026-08-30 08:00:00+00:00,GB,8,6,128.0,120.0,113.0,121,105.0
2026-08-30 09:00:00+00:00,GB,9,6,121.0,128.0,120.0,105,104.0
2026-08-30 10:00:00+00:00,GB,10,6,105.0,121.0,128.0,104,107.0
2026-08-30 11:00:00+00:00,GB,11,6,104.0,105.0,121.0,107,114.0
2026-08-30 12:00:00+00:00,GB,12,6,107.0,104.0,105.0,114,116.0
2026-08-30 13:00:00+00:00,GB,13,6,114.0,107.0,104.0,116,124.0
2026-08-30 14:00:00+00:00,GB,14,6,116.0,114.0,107.0,124,143.0
2026-08-30 15:00:00+00:00,GB,15,6,124.0,116.0,114.0,143,159.0
2026-08-30 16:00:00+00:00,GB,16,6,143.0,124.0,116.0,159,169.0
2026-08-30 17:00:00+00:00,GB,17,6,159.0,143.0,124.0,169,179.0
2026-08-30 18:00:00+00:00,GB,18,6,169.0,159.0,143.0,179,188.0
2026-08-30 19:00:00+00:00,GB,19,6,179.0,169.0,159.0,188,177.0
2026-08-30 20:00:00+00:00,GB,20,6,188.0,179.0,169.0,177,172.0
2026-08-30 21:00:00+00:00,GB,21,6,177.0,188.0,179.0,172,132.0
2026-08-30 22:00:00+00:00,GB,22,6,172.0,177.0,188.0,132,121.0
2026-08-30 23:00:00+00:00,GB,23,6,132.0,172.0,177.0,121,120.0
2026-08-31 00:00:00+00:00,GB,0,0,121.0,132.0,172.0,120,113.0
2026-08-31 01:00:00+00:00,GB,1,0,120.0,121.0,132.0,113,113.0
2026-08-31 02:00:00+00:00,GB,2,0,113.0,120.0,121.0,113,114.0
2026-08-31 03:00:00+00:00,GB,3,0,113.0,113.0,120.0,114,118.0
2026-08-31 04:00:00+00:00,GB,4,0,114.0,113.0,113.0,118,150.0
2026-08-31 05:00:00+00:00,GB,5,0,118.0,114.0,113.0,150,113.0
2026-08-31 06:00:00+00:00,GB,6,0,150.0,118.0,114.0,113,88.0
2026-08-31 07:00:00+00:00,GB,7,0,113.0,150.0,118.0,88,82.0
2026-08-31 08:00:00+00:00,GB,8,0,88.0,113.0,150.0,82,82.0
2026-08-31 09:00:00+00:00,GB,9,0,82.0,88.0,113.0,82,71.0
2026-08-31 10:00:00+00:00,GB,10,0,82.0,82.0,88.0,71,67.0
2026-08-31 11:00:00+00:00,GB,11,0,71.0,82.0,82.0,67,69.0
2026-08-31 12:00:00+00:00,GB,12,0,67.0,71.0,82.0,69,63.0
2026-08-31 13:00:00+00:00,GB,13,0,69.0,67.0,71.0,63,71.0
2026-08-31 14:00:00+00:00,GB,14,0,63.0,69.0,67.0,71,90.0
2026-08-31 15:00:00+00:00,GB,15,0,71.0,63.0,69.0,90,124.0
2026-08-31 16:00:00+00:00,GB,16,0,90.0,71.0,63.0,124,179.0
2026-08-31 17:00:00+00:00,GB,17,0,124.0,90.0,71.0,179,202.0
2026-08-31 18:00:00+00:00,GB,18,0,179.0,124.0,90.0,202,186.0
2026-08-31 19:00:00+00:00,GB,19,0,202.0,179.0,124.0,186,171.0
2026-08-31 20:00:00+00:00,GB,20,0,186.0,202.0,179.0,171,156.0
2026-08-31 21:00:00+00:00,GB,21,0,171.0,186.0,202.0,156,125.0
2026-08-31 22:00:00+00:00,GB,22,0,156.0,171.0,186.0,125,108.0
2026-08-31 23:00:00+00:00,GB,23,0,125.0,156.0,171.0,108,101.0
2026-09-01 00:00:00+00:00,GB,0,1,108.0,125.0,156.0,101,95.0
2026-09-01 01:00:00+00:00,GB,1,1,101.0,108.0,125.0,95,91.0
2026-09-01 02:00:00+00:00,GB,2,1,95.0,101.0,108.0,91,97.0
2026-09-01 03:00:00+00:00,GB,3,1,91.0,95.0,101.0,97,104.0
2026-09-01 04:00:00+00:00,GB,4,1,97.0,91.0,95.0,104,148.0
2026-09-01 05:00:00+00:00,GB,5,1,104.0,97.0,91.0,148,150.0
2026-09-01 06:00:00+00:00,GB,6,1,148.0,104.0,97.0,150,134.0
2026-09-01 07:00:00+00:00,GB,7,1,150.0,148.0,104.0,134,113.0
2026-09-01 08:00:00+00:00,GB,8,1,134.0,150.0,148.0,113,85.0
2026-09-01 09:00:00+00:00,GB,9,1,113.0,134.0,150.0,85,83.0
2026-09-01 10:00:00+00:00,GB,10,1,85.0,113.0,134.0,83,84.0
2026-09-01 11:00:00+00:00,GB,11,1,83.0,85.0,113.0,84,79.0
2026-09-01 12:00:00+00:00,GB,12,1,84.0,83.0,85.0,79,82.0
2026-09-01 13:00:00+00:00,GB,13,1,79.0,84.0,83.0,82,90.0
2026-09-01 14:00:00+00:00,GB,14,1,82.0,79.0,84.0,90,110.0
2026-09-01 15:00:00+00:00,GB,15,1,90.0,82.0,79.0,110,158.0
2026-09-01 16:00:00+00:00,GB,16,1,110.0,90.0,82.0,158,209.0
2026-09-01 17:00:00+00:00,GB,17,1,158.0,110.0,90.0,209,238.0
2026-09-01 18:00:00+00:00,GB,18,1,209.0,158.0,110.0,238,229.0
2026-09-01 19:00:00+00:00,GB,19,1,238.0,209.0,158.0,229,221.0
2026-09-01 20:00:00+00:00,GB,20,1,229.0,238.0,209.0,221,226.0
2026-09-01 21:00:00+00:00,GB,21,1,221.0,229.0,238.0,226,232.0
2026-09-01 22:00:00+00:00,GB,22,1,226.0,221.0,229.0,232,222.0
2026-09-01 23:00:00+00:00,GB,23,1,232.0,226.0,221.0,222,215.0
2026-09-02 00:00:00+00:00,GB,0,2,222.0,232.0,226.0,215,211.0
2026-09-02 01:00:00+00:00,GB,1,2,215.0,222.0,232.0,211,224.0
2026-09-02 02:00:00+00:00,GB,2,2,211.0,215.0,222.0,224,231.0
2026-09-02 03:00:00+00:00,GB,3,2,224.0,211.0,215.0,231,242.0
2026-09-02 04:00:00+00:00,GB,4,2,231.0,224.0,211.0,242,238.0
2026-09-02 05:00:00+00:00,GB,5,2,242.0,231.0,224.0,238,225.0
2026-09-02 06:00:00+00:00,GB,6,2,238.0,242.0,231.0,225,206.0
2026-09-02 07:00:00+00:00,GB,7,2,225.0,238.0,242.0,206,195.0
2026-09-02 08:00:00+00:00,GB,8,2,206.0,225.0,238.0,195,184.0
2026-09-02 09:00:00+00:00,GB,9,2,195.0,206.0,225.0,184,177.0
2026-09-02 10:00:00+00:00,GB,10,2,184.0,195.0,206.0,177,165.0
2026-09-02 11:00:00+00:00,GB,11,2,177.0,184.0,195.0,165,164.0
2026-09-02 12:00:00+00:00,GB,12,2,165.0,177.0,184.0,164,166.0
2026-09-02 13:00:00+00:00,GB,13,2,164.0,165.0,177.0,166,161.0
2026-09-02 14:00:00+00:00,GB,14,2,166.0,164.0,165.0,161,170.0
2026-09-02 15:00:00+00:00,GB,15,2,161.0,166.0,164.0,170,192.0
2026-09-02 16:00:00+00:00,GB,16,2,170.0,161.0,166.0,192,219.0
2026-09-02 17:00:00+00:00,GB,17,2,192.0,170.0,161.0,219,214.0
2026-09-02 18:00:00+00:00,GB,18,2,219.0,192.0,170.0,214,200.0
2026-09-02 19:00:00+00:00,GB,19,2,214.0,219.0,192.0,200,186.0
2026-09-02 20:00:00+00:00,GB,20,2,200.0,214.0,219.0,186,167.0
2026-09-02 21:00:00+00:00,GB,21,2,186.0,200.0,214.0,167,167.0
2026-09-02 21:00:00+00:00,GB,21,2,167.0,186.0,200.0,167,126.0
2026-09-02 22:00:00+00:00,GB,22,2,167.0,167.0,186.0,126,111.0
2026-09-02 23:00:00+00:00,GB,23,2,126.0,167.0,167.0,111,113.0
2026-09-03 00:00:00+00:00,GB,0,3,111.0,126.0,167.0,113,108.0
2026-09-03 01:00:00+00:00,GB,1,3,113.0,111.0,126.0,108,106.0
2026-09-03 02:00:00+00:00,GB,2,3,108.0,113.0,111.0,106,111.0
2026-09-03 03:00:00+00:00,GB,3,3,106.0,108.0,113.0,111,124.0
2026-09-03 04:00:00+00:00,GB,4,3,111.0,106.0,108.0,124,135.0
2026-09-03 05:00:00+00:00,GB,5,3,124.0,111.0,106.0,135,134.0
2026-09-03 06:00:00+00:00,GB,6,3,135.0,124.0,111.0,134,114.0
2026-09-03 07:00:00+00:00,GB,7,3,134.0,135.0,124.0,114,94.0
2026-09-03 08:00:00+00:00,GB,8,3,114.0,134.0,135.0,94,71.0
2026-09-03 09:00:00+00:00,GB,9,3,94.0,114.0,134.0,71,58.0
2026-09-03 10:00:00+00:00,GB,10,3,71.0,94.0,114.0,58,54.0
2026-09-03 11:00:00+00:00,GB,11,3,58.0,71.0,94.0,54,56.0
2026-09-03 12:00:00+00:00,GB,12,3,54.0,58.0,71.0,56,57.0
2026-09-03 13:00:00+00:00,GB,13,3,56.0,54.0,58.0,57,67.0
2026-09-03 14:00:00+00:00,GB,14,3,57.0,56.0,54.0,67,95.0
2026-09-03 15:00:00+00:00,GB,15,3,67.0,57.0,56.0,95,128.0
2026-09-03 16:00:00+00:00,GB,16,3,95.0,67.0,57.0,128,154.0
2026-09-03 17:00:00+00:00,GB,17,3,128.0,95.0,67.0,154,173.0
2026-09-03 18:00:00+00:00,GB,18,3,154.0,128.0,95.0,173,152.0
2026-09-03 19:00:00+00:00,GB,19,3,173.0,154.0,128.0,152,147.0
2026-09-03 20:00:00+00:00,GB,20,3,152.0,173.0,154.0,147,143.0
2026-09-03 21:00:00+00:00,GB,21,3,147.0,152.0,173.0,143,133.0
2026-09-03 22:00:00+00:00,GB,22,3,143.0,147.0,152.0,133,122.0
2026-09-03 23:00:00+00:00,GB,23,3,133.0,143.0,147.0,122,105.0
2026-09-04 00:00:00+00:00,GB,0,4,122.0,133.0,143.0,105,100.0
2026-09-04 01:00:00+00:00,GB,1,4,105.0,122.0,133.0,100,98.0
2026-09-04 02:00:00+00:00,GB,2,4,100.0,105.0,122.0,98,101.0
2026-09-04 03:00:00+00:00,GB,3,4,98.0,100.0,105.0,101,131.0
2026-09-04 04:00:00+00:00,GB,4,4,101.0,98.0,100.0,131,180.0
2026-09-04 05:00:00+00:00,GB,5,4,131.0,101.0,98.0,180,186.0
